Workbook

Sheet Painel
A1: Painel — FireWire 410 (openaudio-mafw-bebob, branch fw410)
A2: 2026-10-26
A4: Visão geral
A5: Itens rastreados | B5: =COUNTA(Itens!$A$2:$A$500) | D5: ONDE ESTAMOS
A6: Itens fechados | B6: =COUNTIF(Itens!$K$2:$K$500,"Consistente")+COUNTIF(Itens!$K$2:$K$500,"Corrigido*") | D6: 0.4.0 Classic (driver 0.3.0, painel 1.6) instalado no iMac com o FW410: attach, todas as saídas (44.1-192), gravação, latência, stereo pairs, mixer, encoder, volume de fones (capturas 105-106). Bit 5 dos fones = aux (desvio R138).
A7: % itens fechados | B7: =IFERROR(B6/B5,0)
A8: Itens abertos | B8: =COUNTIF(Itens!$K$2:$K$500,"Aberto / não resolvido")
A9: Correções pendentes | B9: =COUNTIF(Itens!$K$2:$K$500,"Correção pendente (audit)")
A10: Flags abertas | B10: =COUNTIF(Flags_auditoria!$H$2:$H$500,"Aberto") | D10: PARA ONDE VAMOS
A11: Confiança média (0–10) | B11: =IFERROR(AVERAGE(Itens!$L$2:$L$500),0) | D11: Pendente (sob decisão do usuário): MIDI, S/PDIF/sync externo, óptico, sleep/wake; vazamento FWHsci no kextunload (R138); edição Modern; README/release.
A12: Tarefas concluídas | B12: =COUNTIF(Build!$F$2:$F$500,"Concluído")&" / "&(COUNTA(Build!$A$2:$A$500)-(COUNTIF(Build!$F$2:$F$500,"Cancelado*")+COUNTIF(Build!$F$2:$F$500,"Sob demanda*")))
A13: Aguardando você | B13: =COUNTIF(Build!$F$2:$F$500,"Aguarda o usuário")
A14: Progresso do build | B14: =IFERROR(COUNTIF(Build!$F$2:$F$500,"Concluído")/(COUNTA(Build!$A$2:$A$500)-(COUNTIF(Build!$F$2:$F$500,"Cancelado*")+COUNTIF(Build!$F$2:$F$500,"Sob demanda*"))),0)
A17: Roadmap por fase (aba Build)
A18: Fase | B18: Conteúdo | C18: Estado | D18: % pronto | E18: Tarefas | F18: Concluídas | G18: Aguardam você | H18: Próximo passo | I18: Sessões (plano §8)
A19: Decisão | B19: Decisões DEC-1..4 do plano §9 | C19: =IF(COUNTIFS(Build!$B$2:$B$500,A19,Build!$F$2:$F$500,"Concluído")=(COUNTIF(Build!$B$2:$B$500,A19)-(COUNTIFS(Build!$B$2:$B$500,A19,Build!$F$2:$F$500,"Cancelado*")+COUNTIFS(Build!$B$2:$B$500,A19,Build!$F$2:$F$500,"Sob demanda*"))),"Concluído",IF(COUNTIFS(Build!$B$2:$B$500,A19,Build!$F$2:$F$500,"Em andamento")+COUNTIFS(Build!$B$2:$B$500,A19,Build!$F$2:$F$500,"Concluído")>0,"Em andamento",IF(COUNTIFS(Build!$B$2:$B$500,A19,Build!$F$2:$F$500,"Aguarda o usuário")>0,"Aguarda você","Não iniciado"))) | D19: =IFERROR(COUNTIFS(Build!$B$2:$B$500,A19,Build!$F$2:$F$500,"Concluído")/(COUNTIF(Build!$B$2:$B$500,A19)-(COUNTIFS(Build!$B$2:$B$500,A19,Build!$F$2:$F$500,"Cancelado*")+COUNTIFS(Build!$B$2:$B$500,A19,Build!$F$2:$F$500,"Sob demanda*"))),0) | E19: =(COUNTIF(Build!$B$2:$B$500,A19)-(COUNTIFS(Build!$B$2:$B$500,A19,Build!$F$2:$F$500,"Cancelado*")+COUNTIFS(Build!$B$2:$B$500,A19,Build!$F$2:$F$500,"Sob demanda*"))) | F19: =COUNTIFS(Build!$B$2:$B$500,A19,Build!$F$2:$F$500,"Concluído") | G19: =COUNTIFS(Build!$B$2:$B$500,A19,Build!$F$2:$F$500,"Aguarda o usuário") | H19: Aguarda você | I19: —
A20: 0 | B20: Pesquisa (kext, painel, rig SL) | C20: =IF(COUNTIFS(Build!$B$2:$B$500,A20,Build!$F$2:$F$500,"Concluído")=(COUNTIF(Build!$B$2:$B$500,A20)-(COUNTIFS(Build!$B$2:$B$500,A20,Build!$F$2:$F$500,"Cancelado*")+COUNTIFS(Build!$B$2:$B$500,A20,Build!$F$2:$F$500,"Sob demanda*"))),"Concluído",IF(COUNTIFS(Build!$B$2:$B$500,A20,Build!$F$2:$F$500,"Em andamento")+COUNTIFS(Build!$B$2:$B$500,A20,Build!$F$2:$F$500,"Concluído")>0,"Em andamento",IF(COUNTIFS(Build!$B$2:$B$500,A20,Build!$F$2:$F$500,"Aguarda o usuário")>0,"Aguarda você","Não iniciado"))) | D20: =IFERROR(COUNTIFS(Build!$B$2:$B$500,A20,Build!$F$2:$F$500,"Concluído")/(COUNTIF(Build!$B$2:$B$500,A20)-(COUNTIFS(Build!$B$2:$B$500,A20,Build!$F$2:$F$500,"Cancelado*")+COUNTIFS(Build!$B$2:$B$500,A20,Build!$F$2:$F$500,"Sob demanda*"))),0) | E20: =(COUNTIF(Build!$B$2:$B$500,A20)-(COUNTIFS(Build!$B$2:$B$500,A20,Build!$F$2:$F$500,"Cancelado*")+COUNTIFS(Build!$B$2:$B$500,A20,Build!$F$2:$F$500,"Sob demanda*"))) | F20: =COUNTIFS(Build!$B$2:$B$500,A20,Build!$F$2:$F$500,"Concluído") | G20: =COUNTIFS(Build!$B$2:$B$500,A20,Build!$F$2:$F$500,"Aguarda o usuário") | H20: 2 tarefas de mesa abertas (B-3a, B-5) | I20: 1-2
A21: 1 | B21: Base genérica (B-1..B-6) | C21: =IF(COUNTIFS(Build!$B$2:$B$500,A21,Build!$F$2:$F$500,"Concluído")=(COUNTIF(Build!$B$2:$B$500,A21)-(COUNTIFS(Build!$B$2:$B$500,A21,Build!$F$2:$F$500,"Cancelado*")+COUNTIFS(Build!$B$2:$B$500,A21,Build!$F$2:$F$500,"Sob demanda*"))),"Concluído",IF(COUNTIFS(Build!$B$2:$B$500,A21,Build!$F$2:$F$500,"Em andamento")+COUNTIFS(Build!$B$2:$B$500,A21,Build!$F$2:$F$500,"Concluído")>0,"Em andamento",IF(COUNTIFS(Build!$B$2:$B$500,A21,Build!$F$2:$F$500,"Aguarda o usuário")>0,"Aguarda você","Não iniciado"))) | D21: =IFERROR(COUNTIFS(Build!$B$2:$B$500,A21,Build!$F$2:$F$500,"Concluído")/(COUNTIF(Build!$B$2:$B$500,A21)-(COUNTIFS(Build!$B$2:$B$500,A21,Build!$F$2:$F$500,"Cancelado*")+COUNTIFS(Build!$B$2:$B$500,A21,Build!$F$2:$F$500,"Sob demanda*"))),0) | E21: =(COUNTIF(Build!$B$2:$B$500,A21)-(COUNTIFS(Build!$B$2:$B$500,A21,Build!$F$2:$F$500,"Cancelado*")+COUNTIFS(Build!$B$2:$B$500,A21,Build!$F$2:$F$500,"Sob demanda*"))) | F21: =COUNTIFS(Build!$B$2:$B$500,A21,Build!$F$2:$F$500,"Concluído") | G21: =COUNTIFS(Build!$B$2:$B$500,A21,Build!$F$2:$F$500,"Aguarda o usuário") | H21: — | I21: 1-2
A22: 2 | B22: Módulo do kext models/FW410 | C22: =IF(COUNTIFS(Build!$B$2:$B$500,A22,Build!$F$2:$F$500,"Concluído")=(COUNTIF(Build!$B$2:$B$500,A22)-(COUNTIFS(Build!$B$2:$B$500,A22,Build!$F$2:$F$500,"Cancelado*")+COUNTIFS(Build!$B$2:$B$500,A22,Build!$F$2:$F$500,"Sob demanda*"))),"Concluído",IF(COUNTIFS(Build!$B$2:$B$500,A22,Build!$F$2:$F$500,"Em andamento")+COUNTIFS(Build!$B$2:$B$500,A22,Build!$F$2:$F$500,"Concluído")>0,"Em andamento",IF(COUNTIFS(Build!$B$2:$B$500,A22,Build!$F$2:$F$500,"Aguarda o usuário")>0,"Aguarda você","Não iniciado"))) | D22: =IFERROR(COUNTIFS(Build!$B$2:$B$500,A22,Build!$F$2:$F$500,"Concluído")/(COUNTIF(Build!$B$2:$B$500,A22)-(COUNTIFS(Build!$B$2:$B$500,A22,Build!$F$2:$F$500,"Cancelado*")+COUNTIFS(Build!$B$2:$B$500,A22,Build!$F$2:$F$500,"Sob demanda*"))),0) | E22: =(COUNTIF(Build!$B$2:$B$500,A22)-(COUNTIFS(Build!$B$2:$B$500,A22,Build!$F$2:$F$500,"Cancelado*")+COUNTIFS(Build!$B$2:$B$500,A22,Build!$F$2:$F$500,"Sob demanda*"))) | F22: =COUNTIFS(Build!$B$2:$B$500,A22,Build!$F$2:$F$500,"Concluído") | G22: =COUNTIFS(Build!$B$2:$B$500,A22,Build!$F$2:$F$500,"Aguarda o usuário") | H22: — | I22: 2
A23: 3 | B23: Helper | C23: =IF(COUNTIFS(Build!$B$2:$B$500,A23,Build!$F$2:$F$500,"Concluído")=(COUNTIF(Build!$B$2:$B$500,A23)-(COUNTIFS(Build!$B$2:$B$500,A23,Build!$F$2:$F$500,"Cancelado*")+COUNTIFS(Build!$B$2:$B$500,A23,Build!$F$2:$F$500,"Sob demanda*"))),"Concluído",IF(COUNTIFS(Build!$B$2:$B$500,A23,Build!$F$2:$F$500,"Em andamento")+COUNTIFS(Build!$B$2:$B$500,A23,Build!$F$2:$F$500,"Concluído")>0,"Em andamento",IF(COUNTIFS(Build!$B$2:$B$500,A23,Build!$F$2:$F$500,"Aguarda o usuário")>0,"Aguarda você","Não iniciado"))) | D23: =IFERROR(COUNTIFS(Build!$B$2:$B$500,A23,Build!$F$2:$F$500,"Concluído")/(COUNTIF(Build!$B$2:$B$500,A23)-(COUNTIFS(Build!$B$2:$B$500,A23,Build!$F$2:$F$500,"Cancelado*")+COUNTIFS(Build!$B$2:$B$500,A23,Build!$F$2:$F$500,"Sob demanda*"))),0) | E23: =(COUNTIF(Build!$B$2:$B$500,A23)-(COUNTIFS(Build!$B$2:$B$500,A23,Build!$F$2:$F$500,"Cancelado*")+COUNTIFS(Build!$B$2:$B$500,A23,Build!$F$2:$F$500,"Sob demanda*"))) | F23: =COUNTIFS(Build!$B$2:$B$500,A23,Build!$F$2:$F$500,"Concluído") | G23: =COUNTIFS(Build!$B$2:$B$500,A23,Build!$F$2:$F$500,"Aguarda o usuário") | H23: — | I23: 0.5
A24: 4 | B24: Painel próprio do 410 + recursos genéricos | C24: =IF(COUNTIFS(Build!$B$2:$B$500,A24,Build!$F$2:$F$500,"Concluído")=(COUNTIF(Build!$B$2:$B$500,A24)-(COUNTIFS(Build!$B$2:$B$500,A24,Build!$F$2:$F$500,"Cancelado*")+COUNTIFS(Build!$B$2:$B$500,A24,Build!$F$2:$F$500,"Sob demanda*"))),"Concluído",IF(COUNTIFS(Build!$B$2:$B$500,A24,Build!$F$2:$F$500,"Em andamento")+COUNTIFS(Build!$B$2:$B$500,A24,Build!$F$2:$F$500,"Concluído")>0,"Em andamento",IF(COUNTIFS(Build!$B$2:$B$500,A24,Build!$F$2:$F$500,"Aguarda o usuário")>0,"Aguarda você","Não iniciado"))) | D24: =IFERROR(COUNTIFS(Build!$B$2:$B$500,A24,Build!$F$2:$F$500,"Concluído")/(COUNTIF(Build!$B$2:$B$500,A24)-(COUNTIFS(Build!$B$2:$B$500,A24,Build!$F$2:$F$500,"Cancelado*")+COUNTIFS(Build!$B$2:$B$500,A24,Build!$F$2:$F$500,"Sob demanda*"))),0) | E24: =(COUNTIF(Build!$B$2:$B$500,A24)-(COUNTIFS(Build!$B$2:$B$500,A24,Build!$F$2:$F$500,"Cancelado*")+COUNTIFS(Build!$B$2:$B$500,A24,Build!$F$2:$F$500,"Sob demanda*"))) | F24: =COUNTIFS(Build!$B$2:$B$500,A24,Build!$F$2:$F$500,"Concluído") | G24: =COUNTIFS(Build!$B$2:$B$500,A24,Build!$F$2:$F$500,"Aguarda o usuário") | H24: — | I24: 2
A25: 5 | B25: MIDI | C25: =IF(COUNTIFS(Build!$B$2:$B$500,A25,Build!$F$2:$F$500,"Concluído")=(COUNTIF(Build!$B$2:$B$500,A25)-(COUNTIFS(Build!$B$2:$B$500,A25,Build!$F$2:$F$500,"Cancelado*")+COUNTIFS(Build!$B$2:$B$500,A25,Build!$F$2:$F$500,"Sob demanda*"))),"Concluído",IF(COUNTIFS(Build!$B$2:$B$500,A25,Build!$F$2:$F$500,"Em andamento")+COUNTIFS(Build!$B$2:$B$500,A25,Build!$F$2:$F$500,"Concluído")>0,"Em andamento",IF(COUNTIFS(Build!$B$2:$B$500,A25,Build!$F$2:$F$500,"Aguarda o usuário")>0,"Aguarda você","Não iniciado"))) | D25: =IFERROR(COUNTIFS(Build!$B$2:$B$500,A25,Build!$F$2:$F$500,"Concluído")/(COUNTIF(Build!$B$2:$B$500,A25)-(COUNTIFS(Build!$B$2:$B$500,A25,Build!$F$2:$F$500,"Cancelado*")+COUNTIFS(Build!$B$2:$B$500,A25,Build!$F$2:$F$500,"Sob demanda*"))),0) | E25: =(COUNTIF(Build!$B$2:$B$500,A25)-(COUNTIFS(Build!$B$2:$B$500,A25,Build!$F$2:$F$500,"Cancelado*")+COUNTIFS(Build!$B$2:$B$500,A25,Build!$F$2:$F$500,"Sob demanda*"))) | F25: =COUNTIFS(Build!$B$2:$B$500,A25,Build!$F$2:$F$500,"Concluído") | G25: =COUNTIFS(Build!$B$2:$B$500,A25,Build!$F$2:$F$500,"Aguarda o usuário") | H25: — | I25: 0.5
A26: 6 | B26: Instalador, docs, versões | C26: =IF(COUNTIFS(Build!$B$2:$B$500,A26,Build!$F$2:$F$500,"Concluído")=(COUNTIF(Build!$B$2:$B$500,A26)-(COUNTIFS(Build!$B$2:$B$500,A26,Build!$F$2:$F$500,"Cancelado*")+COUNTIFS(Build!$B$2:$B$500,A26,Build!$F$2:$F$500,"Sob demanda*"))),"Concluído",IF(COUNTIFS(Build!$B$2:$B$500,A26,Build!$F$2:$F$500,"Em andamento")+COUNTIFS(Build!$B$2:$B$500,A26,Build!$F$2:$F$500,"Concluído")>0,"Em andamento",IF(COUNTIFS(Build!$B$2:$B$500,A26,Build!$F$2:$F$500,"Aguarda o usuário")>0,"Aguarda você","Não iniciado"))) | D26: =IFERROR(COUNTIFS(Build!$B$2:$B$500,A26,Build!$F$2:$F$500,"Concluído")/(COUNTIF(Build!$B$2:$B$500,A26)-(COUNTIFS(Build!$B$2:$B$500,A26,Build!$F$2:$F$500,"Cancelado*")+COUNTIFS(Build!$B$2:$B$500,A26,Build!$F$2:$F$500,"Sob demanda*"))),0) | E26: =(COUNTIF(Build!$B$2:$B$500,A26)-(COUNTIFS(Build!$B$2:$B$500,A26,Build!$F$2:$F$500,"Cancelado*")+COUNTIFS(Build!$B$2:$B$500,A26,Build!$F$2:$F$500,"Sob demanda*"))) | F26: =COUNTIFS(Build!$B$2:$B$500,A26,Build!$F$2:$F$500,"Concluído") | G26: =COUNTIFS(Build!$B$2:$B$500,A26,Build!$F$2:$F$500,"Aguarda o usuário") | H26: — | I26: 0.5
A27: 7 | B27: Primeira execução integrada | C27: =IF(COUNTIFS(Build!$B$2:$B$500,A27,Build!$F$2:$F$500,"Concluído")=(COUNTIF(Build!$B$2:$B$500,A27)-(COUNTIFS(Build!$B$2:$B$500,A27,Build!$F$2:$F$500,"Cancelado*")+COUNTIFS(Build!$B$2:$B$500,A27,Build!$F$2:$F$500,"Sob demanda*"))),"Concluído",IF(COUNTIFS(Build!$B$2:$B$500,A27,Build!$F$2:$F$500,"Em andamento")+COUNTIFS(Build!$B$2:$B$500,A27,Build!$F$2:$F$500,"Concluído")>0,"Em andamento",IF(COUNTIFS(Build!$B$2:$B$500,A27,Build!$F$2:$F$500,"Aguarda o usuário")>0,"Aguarda você","Não iniciado"))) | D27: =IFERROR(COUNTIFS(Build!$B$2:$B$500,A27,Build!$F$2:$F$500,"Concluído")/(COUNTIF(Build!$B$2:$B$500,A27)-(COUNTIFS(Build!$B$2:$B$500,A27,Build!$F$2:$F$500,"Cancelado*")+COUNTIFS(Build!$B$2:$B$500,A27,Build!$F$2:$F$500,"Sob demanda*"))),0) | E27: =(COUNTIF(Build!$B$2:$B$500,A27)-(COUNTIFS(Build!$B$2:$B$500,A27,Build!$F$2:$F$500,"Cancelado*")+COUNTIFS(Build!$B$2:$B$500,A27,Build!$F$2:$F$500,"Sob demanda*"))) | F27: =COUNTIFS(Build!$B$2:$B$500,A27,Build!$F$2:$F$500,"Concluído") | G27: =COUNTIFS(Build!$B$2:$B$500,A27,Build!$F$2:$F$500,"Aguarda o usuário") | H27: — | I27: 1-2

Sheet Resumo
A1: Matriz de proveniência — FireWire 410 (openaudio-mafw-bebob)
A2: Tudo nesta aba é fórmula sobre as abas Itens e Flags_auditoria.
A4: Parte | B4: Itens | C4: Confiança média | D4: Byte-level = Sim | E4: Hardware live = Sim | F4: Especulativo = Sim | G4: Correção pendente | H4: Aberto | I4: Confiança ≤ 3 | J4: Confiança ≥ 7
A5: 410-0.1 | B5: =COUNTIF(Itens!$B$2:$B$500,A5) | C5: =IFERROR(AVERAGEIF(Itens!$B$2:$B$500,A5,Itens!$L$2:$L$500),0) | D5: =COUNTIFS(Itens!$B$2:$B$500,A5,Itens!$E$2:$E$500,"Sim") | E5: =COUNTIFS(Itens!$B$2:$B$500,A5,Itens!$F$2:$F$500,"Sim") | F5: =COUNTIFS(Itens!$B$2:$B$500,A5,Itens!$H$2:$H$500,"Sim") | G5: =COUNTIFS(Itens!$B$2:$B$500,A5,Itens!$K$2:$K$500,"Correção pendente (audit)") | H5: =COUNTIFS(Itens!$B$2:$B$500,A5,Itens!$K$2:$K$500,"Aberto / não resolvido") | I5: =COUNTIFS(Itens!$B$2:$B$500,A5,Itens!$L$2:$L$500,"<=3") | J5: =COUNTIFS(Itens!$B$2:$B$500,A5,Itens!$L$2:$L$500,">=7")
A6: 410-0.2 | B6: =COUNTIF(Itens!$B$2:$B$500,A6) | C6: =IFERROR(AVERAGEIF(Itens!$B$2:$B$500,A6,Itens!$L$2:$L$500),0) | D6: =COUNTIFS(Itens!$B$2:$B$500,A6,Itens!$E$2:$E$500,"Sim") | E6: =COUNTIFS(Itens!$B$2:$B$500,A6,Itens!$F$2:$F$500,"Sim") | F6: =COUNTIFS(Itens!$B$2:$B$500,A6,Itens!$H$2:$H$500,"Sim") | G6: =COUNTIFS(Itens!$B$2:$B$500,A6,Itens!$K$2:$K$500,"Correção pendente (audit)") | H6: =COUNTIFS(Itens!$B$2:$B$500,A6,Itens!$K$2:$K$500,"Aberto / não resolvido") | I6: =COUNTIFS(Itens!$B$2:$B$500,A6,Itens!$L$2:$L$500,"<=3") | J6: =COUNTIFS(Itens!$B$2:$B$500,A6,Itens!$L$2:$L$500,">=7")
A7: 410-0.3 | B7: =COUNTIF(Itens!$B$2:$B$500,A7) | C7: =IFERROR(AVERAGEIF(Itens!$B$2:$B$500,A7,Itens!$L$2:$L$500),0) | D7: =COUNTIFS(Itens!$B$2:$B$500,A7,Itens!$E$2:$E$500,"Sim") | E7: =COUNTIFS(Itens!$B$2:$B$500,A7,Itens!$F$2:$F$500,"Sim") | F7: =COUNTIFS(Itens!$B$2:$B$500,A7,Itens!$H$2:$H$500,"Sim") | G7: =COUNTIFS(Itens!$B$2:$B$500,A7,Itens!$K$2:$K$500,"Correção pendente (audit)") | H7: =COUNTIFS(Itens!$B$2:$B$500,A7,Itens!$K$2:$K$500,"Aberto / não resolvido") | I7: =COUNTIFS(Itens!$B$2:$B$500,A7,Itens!$L$2:$L$500,"<=3") | J7: =COUNTIFS(Itens!$B$2:$B$500,A7,Itens!$L$2:$L$500,">=7")
A8: 410-0.4 | B8: =COUNTIF(Itens!$B$2:$B$500,A8) | C8: =IFERROR(AVERAGEIF(Itens!$B$2:$B$500,A8,Itens!$L$2:$L$500),0) | D8: =COUNTIFS(Itens!$B$2:$B$500,A8,Itens!$E$2:$E$500,"Sim") | E8: =COUNTIFS(Itens!$B$2:$B$500,A8,Itens!$F$2:$F$500,"Sim") | F8: =COUNTIFS(Itens!$B$2:$B$500,A8,Itens!$H$2:$H$500,"Sim") | G8: =COUNTIFS(Itens!$B$2:$B$500,A8,Itens!$K$2:$K$500,"Correção pendente (audit)") | H8: =COUNTIFS(Itens!$B$2:$B$500,A8,Itens!$K$2:$K$500,"Aberto / não resolvido") | I8: =COUNTIFS(Itens!$B$2:$B$500,A8,Itens!$L$2:$L$500,"<=3") | J8: =COUNTIFS(Itens!$B$2:$B$500,A8,Itens!$L$2:$L$500,">=7")
A9: 410-0.5 | B9: =COUNTIF(Itens!$B$2:$B$500,A9) | C9: =IFERROR(AVERAGEIF(Itens!$B$2:$B$500,A9,Itens!$L$2:$L$500),0) | D9: =COUNTIFS(Itens!$B$2:$B$500,A9,Itens!$E$2:$E$500,"Sim") | E9: =COUNTIFS(Itens!$B$2:$B$500,A9,Itens!$F$2:$F$500,"Sim") | F9: =COUNTIFS(Itens!$B$2:$B$500,A9,Itens!$H$2:$H$500,"Sim") | G9: =COUNTIFS(Itens!$B$2:$B$500,A9,Itens!$K$2:$K$500,"Correção pendente (audit)") | H9: =COUNTIFS(Itens!$B$2:$B$500,A9,Itens!$K$2:$K$500,"Aberto / não resolvido") | I9: =COUNTIFS(Itens!$B$2:$B$500,A9,Itens!$L$2:$L$500,"<=3") | J9: =COUNTIFS(Itens!$B$2:$B$500,A9,Itens!$L$2:$L$500,">=7")
A10: 410-0.6 | B10: =COUNTIF(Itens!$B$2:$B$500,A10) | C10: =IFERROR(AVERAGEIF(Itens!$B$2:$B$500,A10,Itens!$L$2:$L$500),0) | D10: =COUNTIFS(Itens!$B$2:$B$500,A10,Itens!$E$2:$E$500,"Sim") | E10: =COUNTIFS(Itens!$B$2:$B$500,A10,Itens!$F$2:$F$500,"Sim") | F10: =COUNTIFS(Itens!$B$2:$B$500,A10,Itens!$H$2:$H$500,"Sim") | G10: =COUNTIFS(Itens!$B$2:$B$500,A10,Itens!$K$2:$K$500,"Correção pendente (audit)") | H10: =COUNTIFS(Itens!$B$2:$B$500,A10,Itens!$K$2:$K$500,"Aberto / não resolvido") | I10: =COUNTIFS(Itens!$B$2:$B$500,A10,Itens!$L$2:$L$500,"<=3") | J10: =COUNTIFS(Itens!$B$2:$B$500,A10,Itens!$L$2:$L$500,">=7")
A11: 410-0.7 | B11: =COUNTIF(Itens!$B$2:$B$500,A11) | C11: =IFERROR(AVERAGEIF(Itens!$B$2:$B$500,A11,Itens!$L$2:$L$500),0) | D11: =COUNTIFS(Itens!$B$2:$B$500,A11,Itens!$E$2:$E$500,"Sim") | E11: =COUNTIFS(Itens!$B$2:$B$500,A11,Itens!$F$2:$F$500,"Sim") | F11: =COUNTIFS(Itens!$B$2:$B$500,A11,Itens!$H$2:$H$500,"Sim") | G11: =COUNTIFS(Itens!$B$2:$B$500,A11,Itens!$K$2:$K$500,"Correção pendente (audit)") | H11: =COUNTIFS(Itens!$B$2:$B$500,A11,Itens!$K$2:$K$500,"Aberto / não resolvido") | I11: =COUNTIFS(Itens!$B$2:$B$500,A11,Itens!$L$2:$L$500,"<=3") | J11: =COUNTIFS(Itens!$B$2:$B$500,A11,Itens!$L$2:$L$500,">=7")
A12: 410-0.8 | B12: =COUNTIF(Itens!$B$2:$B$500,A12) | C12: =IFERROR(AVERAGEIF(Itens!$B$2:$B$500,A12,Itens!$L$2:$L$500),0) | D12: =COUNTIFS(Itens!$B$2:$B$500,A12,Itens!$E$2:$E$500,"Sim") | E12: =COUNTIFS(Itens!$B$2:$B$500,A12,Itens!$F$2:$F$500,"Sim") | F12: =COUNTIFS(Itens!$B$2:$B$500,A12,Itens!$H$2:$H$500,"Sim") | G12: =COUNTIFS(Itens!$B$2:$B$500,A12,Itens!$K$2:$K$500,"Correção pendente (audit)") | H12: =COUNTIFS(Itens!$B$2:$B$500,A12,Itens!$K$2:$K$500,"Aberto / não resolvido") | I12: =COUNTIFS(Itens!$B$2:$B$500,A12,Itens!$L$2:$L$500,"<=3") | J12: =COUNTIFS(Itens!$B$2:$B$500,A12,Itens!$L$2:$L$500,">=7")
A13: 410-0.9 | B13: =COUNTIF(Itens!$B$2:$B$500,A13) | C13: =IFERROR(AVERAGEIF(Itens!$B$2:$B$500,A13,Itens!$L$2:$L$500),0) | D13: =COUNTIFS(Itens!$B$2:$B$500,A13,Itens!$E$2:$E$500,"Sim") | E13: =COUNTIFS(Itens!$B$2:$B$500,A13,Itens!$F$2:$F$500,"Sim") | F13: =COUNTIFS(Itens!$B$2:$B$500,A13,Itens!$H$2:$H$500,"Sim") | G13: =COUNTIFS(Itens!$B$2:$B$500,A13,Itens!$K$2:$K$500,"Correção pendente (audit)") | H13: =COUNTIFS(Itens!$B$2:$B$500,A13,Itens!$K$2:$K$500,"Aberto / não resolvido") | I13: =COUNTIFS(Itens!$B$2:$B$500,A13,Itens!$L$2:$L$500,"<=3") | J13: =COUNTIFS(Itens!$B$2:$B$500,A13,Itens!$L$2:$L$500,">=7")
A14: Total | B14: =SUM(B5:B13) | C14: =AVERAGE(Itens!$L$2:$L$500) | D14: =SUM(D5:D13) | E14: =SUM(E5:E13) | F14: =SUM(F5:F13) | G14: =SUM(G5:G13) | H14: =SUM(H5:H13) | I14: =SUM(I5:I13) | J14: =SUM(J5:J13)
A16: Flags do audit por severidade
A17: Severidade | B17: Total | C17: Abertas | D17: Resolvidas
A18: alta | B18: =COUNTIF(Flags_auditoria!$F$2:$F$500,A18) | C18: =COUNTIFS(Flags_auditoria!$F$2:$F$500,A18,Flags_auditoria!$H$2:$H$500,"Aberto") | D18: =COUNTIFS(Flags_auditoria!$F$2:$F$500,A18,Flags_auditoria!$H$2:$H$500,"Resolvido")
A19: média | B19: =COUNTIF(Flags_auditoria!$F$2:$F$500,A19) | C19: =COUNTIFS(Flags_auditoria!$F$2:$F$500,A19,Flags_auditoria!$H$2:$H$500,"Aberto") | D19: =COUNTIFS(Flags_auditoria!$F$2:$F$500,A19,Flags_auditoria!$H$2:$H$500,"Resolvido")
A20: baixa | B20: =COUNTIF(Flags_auditoria!$F$2:$F$500,A20) | C20: =COUNTIFS(Flags_auditoria!$F$2:$F$500,A20,Flags_auditoria!$H$2:$H$500,"Aberto") | D20: =COUNTIFS(Flags_auditoria!$F$2:$F$500,A20,Flags_auditoria!$H$2:$H$500,"Resolvido")

Sheet Itens
A1: ID | B1: Parte | C1: Item | D1: Descrição breve | E1: Byte-level confirmado | F1: Hardware live | G1: Ferramenta (otool/Ghidra) | H1: Especulativo | I1: Fontes / cruzamentos (separe com ;) | J1: Nº de fontes | K1: Status documental | L1: Confiança (0–10) | M1: Referência (arquivo; seção/linha) | N1: Flags do audit (arquivo:linha) | O1: Notas / pendências | P1: Sub-ramo
A2: 410-0.1.1 | B2: 410-0.1 | C2: Identidade e attach | D2: Classe com_m_audio_FW410Device : FWRev2AudioDevice; personalidade por nome "FW 410"; nub aceita (vendor name M-AUDIO) | E2: Sim | F2: Sim | G2: otool + Ghidra | H2: Não | I2: vtable 0x3c600; Info.plist; captura 102; FWMetaNub.cpp:45,114 | J2: =IF(TRIM(I2)="",0,LEN(I2)-LEN(SUBSTITUTE(I2,";",""))+1) | K2: Consistente | L2: =ROUND(IF(H2="Sim",MIN(Legenda!$C$12,MIN(10,IF(E2="Sim",Legenda!$C$4,IF(E2="Parcial",Legenda!$C$5,0))+IF(F2="Sim",Legenda!$C$6,IF(F2="Parcial",Legenda!$C$7,0))+IF(G2="otool + Ghidra",Legenda!$C$8,IF(OR(G2="otool",G2="Ghidra",G2="Outro binário"),Legenda!$C$9,0))+MIN(Legenda!$C$11,MAX(0,J2-1)*Legenda!$C$10))),IF(H2="Parcial",MIN(Legenda!$C$13,MIN(10,IF(E2="Sim",Legenda!$C$4,IF(E2="Parcial",Legenda!$C$5,0))+IF(F2="Sim",Legenda!$C$6,IF(F2="Parcial",Legenda!$C$7,0))+IF(G2="otool + Ghidra",Legenda!$C$8,IF(OR(G2="otool",G2="Ghidra",G2="Outro binário"),Legenda!$C$9,0))+MIN(Legenda!$C$11,MAX(0,J2-1)*Legenda!$C$10))),MIN(10,IF(E2="Sim",Legenda!$C$4,IF(E2="Parcial",Legenda!$C$5,0))+IF(F2="Sim",Legenda!$C$6,IF(F2="Parcial",Legenda!$C$7,0))+IF(G2="otool + Ghidra",Legenda!$C$8,IF(OR(G2="otool",G2="Ghidra",G2="Outro binário"),Legenda!$C$9,0))+MIN(Legenda!$C$11,MAX(0,J2-1)*Legenda!$C$10)))),1) | M2: A1-ghidra/Q-410-0-reference-map.md §1 | N2: — | O2: [2026-10-26] Vendor_ID do device = 0x7F5 (BridgeCo), unidade 0xD6C; não importa (probe por nome) | P2: =LEFT(A2,FIND(".",A2&".")-1)
A3: 410-0.1.2 | B3: 410-0.1 | C3: Nomes e ícone | D3: "FireWire 410" / "FW410" / "FW 410 box.png" | E3: Sim | F3: Não | G3: Ghidra | H3: Não | I3: decomp GetDescriptionString/GetShortDescriptionString/GetIconName | J3: =IF(TRIM(I3)="",0,LEN(I3)-LEN(SUBSTITUTE(I3,";",""))+1) | K3: Consistente | L3: =ROUND(IF(H3="Sim",MIN(Legenda!$C$12,MIN(10,IF(E3="Sim",Legenda!$C$4,IF(E3="Parcial",Legenda!$C$5,0))+IF(F3="Sim",Legenda!$C$6,IF(F3="Parcial",Legenda!$C$7,0))+IF(G3="otool + Ghidra",Legenda!$C$8,IF(OR(G3="otool",G3="Ghidra",G3="Outro binário"),Legenda!$C$9,0))+MIN(Legenda!$C$11,MAX(0,J3-1)*Legenda!$C$10))),IF(H3="Parcial",MIN(Legenda!$C$13,MIN(10,IF(E3="Sim",Legenda!$C$4,IF(E3="Parcial",Legenda!$C$5,0))+IF(F3="Sim",Legenda!$C$6,IF(F3="Parcial",Legenda!$C$7,0))+IF(G3="otool + Ghidra",Legenda!$C$8,IF(OR(G3="otool",G3="Ghidra",G3="Outro binário"),Legenda!$C$9,0))+MIN(Legenda!$C$11,MAX(0,J3-1)*Legenda!$C$10))),MIN(10,IF(E3="Sim",Legenda!$C$4,IF(E3="Parcial",Legenda!$C$5,0))+IF(F3="Sim",Legenda!$C$6,IF(F3="Parcial",Legenda!$C$7,0))+IF(G3="otool + Ghidra",Legenda!$C$8,IF(OR(G3="otool",G3="Ghidra",G3="Outro binário"),Legenda!$C$9,0))+MIN(Legenda!$C$11,MAX(0,J3-1)*Legenda!$C$10)))),1) | M3: A1-ghidra/Q-410-0-reference-map.md §1 | N3: — | O3: [2026-10-26] | P3: =LEFT(A3,FIND(".",A3&".")-1)
A4: 410-0.2.1 | B4: 410-0.2 | C4: Canais por taxa | D4: ≤96 kHz: 4/4 in, 10/10 out, MIDI 1 (0x4ae20); 176.4/192: 2/8 (0x4ad40); grupos in 1 analog, in 2 S/PDIF, out 1-4 analog, out 5 S/PDIF | E4: Sim | F4: Sim | G4: otool + python | H4: Não | I4: lea 0x14010/0x14017; bytes 0x4ae20/0x4ad40; captura 103 rates | J4: =IF(TRIM(I4)="",0,LEN(I4)-LEN(SUBSTITUTE(I4,";",""))+1) | K4: Consistente | L4: =ROUND(IF(H4="Sim",MIN(Legenda!$C$12,MIN(10,IF(E4="Sim",Legenda!$C$4,IF(E4="Parcial",Legenda!$C$5,0))+IF(F4="Sim",Legenda!$C$6,IF(F4="Parcial",Legenda!$C$7,0))+IF(G4="otool + Ghidra",Legenda!$C$8,IF(OR(G4="otool",G4="Ghidra",G4="Outro binário"),Legenda!$C$9,0))+MIN(Legenda!$C$11,MAX(0,J4-1)*Legenda!$C$10))),IF(H4="Parcial",MIN(Legenda!$C$13,MIN(10,IF(E4="Sim",Legenda!$C$4,IF(E4="Parcial",Legenda!$C$5,0))+IF(F4="Sim",Legenda!$C$6,IF(F4="Parcial",Legenda!$C$7,0))+IF(G4="otool + Ghidra",Legenda!$C$8,IF(OR(G4="otool",G4="Ghidra",G4="Outro binário"),Legenda!$C$9,0))+MIN(Legenda!$C$11,MAX(0,J4-1)*Legenda!$C$10))),MIN(10,IF(E4="Sim",Legenda!$C$4,IF(E4="Parcial",Legenda!$C$5,0))+IF(F4="Sim",Legenda!$C$6,IF(F4="Parcial",Legenda!$C$7,0))+IF(G4="otool + Ghidra",Legenda!$C$8,IF(OR(G4="otool",G4="Ghidra",G4="Outro binário"),Legenda!$C$9,0))+MIN(Legenda!$C$11,MAX(0,J4-1)*Legenda!$C$10)))),1) | M4: A1-ghidra/Q-410-0-reference-map.md §2 | N4: — | O4: [2026-10-26] 0x4ac60 é a cópia de runtime do 1814, não do 410 | P4: =LEFT(A4,FIND(".",A4&".")-1)
A5: 410-0.2.2 | B5: 410-0.2 | C5: Taxas suportadas | D5: 44.1, 48, 88.2, 96, 176.4, 192 (0x2fa10), in = out | E5: Sim | F5: Sim | G5: otool | H5: Não | I5: bytes 0x2fa10; captura 103 | J5: =IF(TRIM(I5)="",0,LEN(I5)-LEN(SUBSTITUTE(I5,";",""))+1) | K5: Consistente | L5: =ROUND(IF(H5="Sim",MIN(Legenda!$C$12,MIN(10,IF(E5="Sim",Legenda!$C$4,IF(E5="Parcial",Legenda!$C$5,0))+IF(F5="Sim",Legenda!$C$6,IF(F5="Parcial",Legenda!$C$7,0))+IF(G5="otool + Ghidra",Legenda!$C$8,IF(OR(G5="otool",G5="Ghidra",G5="Outro binário"),Legenda!$C$9,0))+MIN(Legenda!$C$11,MAX(0,J5-1)*Legenda!$C$10))),IF(H5="Parcial",MIN(Legenda!$C$13,MIN(10,IF(E5="Sim",Legenda!$C$4,IF(E5="Parcial",Legenda!$C$5,0))+IF(F5="Sim",Legenda!$C$6,IF(F5="Parcial",Legenda!$C$7,0))+IF(G5="otool + Ghidra",Legenda!$C$8,IF(OR(G5="otool",G5="Ghidra",G5="Outro binário"),Legenda!$C$9,0))+MIN(Legenda!$C$11,MAX(0,J5-1)*Legenda!$C$10))),MIN(10,IF(E5="Sim",Legenda!$C$4,IF(E5="Parcial",Legenda!$C$5,0))+IF(F5="Sim",Legenda!$C$6,IF(F5="Parcial",Legenda!$C$7,0))+IF(G5="otool + Ghidra",Legenda!$C$8,IF(OR(G5="otool",G5="Ghidra",G5="Outro binário"),Legenda!$C$9,0))+MIN(Legenda!$C$11,MAX(0,J5-1)*Legenda!$C$10)))),1) | M5: A1-ghidra/Q-410-0-reference-map.md §2 | N5: — | O5: [2026-10-26] | P5: =LEFT(A5,FIND(".",A5&".")-1)
A6: 410-0.2.3 | B6: 410-0.2 | C6: Latência por FDF | D6: 2→0xa0, 3→0xfe, 4→0xf5, 5→0x1b8, 6→0x1e0, senão 0x96 | E6: Sim | F6: Não | G6: Ghidra | H6: Não | I6: decomp GetRoundTripLatencyForFDF | J6: =IF(TRIM(I6)="",0,LEN(I6)-LEN(SUBSTITUTE(I6,";",""))+1) | K6: Consistente | L6: =ROUND(IF(H6="Sim",MIN(Legenda!$C$12,MIN(10,IF(E6="Sim",Legenda!$C$4,IF(E6="Parcial",Legenda!$C$5,0))+IF(F6="Sim",Legenda!$C$6,IF(F6="Parcial",Legenda!$C$7,0))+IF(G6="otool + Ghidra",Legenda!$C$8,IF(OR(G6="otool",G6="Ghidra",G6="Outro binário"),Legenda!$C$9,0))+MIN(Legenda!$C$11,MAX(0,J6-1)*Legenda!$C$10))),IF(H6="Parcial",MIN(Legenda!$C$13,MIN(10,IF(E6="Sim",Legenda!$C$4,IF(E6="Parcial",Legenda!$C$5,0))+IF(F6="Sim",Legenda!$C$6,IF(F6="Parcial",Legenda!$C$7,0))+IF(G6="otool + Ghidra",Legenda!$C$8,IF(OR(G6="otool",G6="Ghidra",G6="Outro binário"),Legenda!$C$9,0))+MIN(Legenda!$C$11,MAX(0,J6-1)*Legenda!$C$10))),MIN(10,IF(E6="Sim",Legenda!$C$4,IF(E6="Parcial",Legenda!$C$5,0))+IF(F6="Sim",Legenda!$C$6,IF(F6="Parcial",Legenda!$C$7,0))+IF(G6="otool + Ghidra",Legenda!$C$8,IF(OR(G6="otool",G6="Ghidra",G6="Outro binário"),Legenda!$C$9,0))+MIN(Legenda!$C$11,MAX(0,J6-1)*Legenda!$C$10)))),1) | M6: A1-ghidra/Q-410-0-reference-map.md §2 | N6: — | O6: [2026-10-26] registry por taxa no README da captura 103 | P6: =LEFT(A6,FIND(".",A6&".")-1)
A7: 410-0.2.4 | B7: 410-0.2 | C7: SetupAudioEngine | D7: MIDI 1/1, contagens, procs LLRR10WithMIDI / SamplePeaks10 / ConvertLLRR4SkipMIDI1, flags +0x2d6 +0x34a +0x34b | E7: Sim | F7: Parcial | G7: Ghidra + otool | H7: Não | I7: decomp; asm 0x15526 | J7: =IF(TRIM(I7)="",0,LEN(I7)-LEN(SUBSTITUTE(I7,";",""))+1) | K7: Consistente | L7: =ROUND(IF(H7="Sim",MIN(Legenda!$C$12,MIN(10,IF(E7="Sim",Legenda!$C$4,IF(E7="Parcial",Legenda!$C$5,0))+IF(F7="Sim",Legenda!$C$6,IF(F7="Parcial",Legenda!$C$7,0))+IF(G7="otool + Ghidra",Legenda!$C$8,IF(OR(G7="otool",G7="Ghidra",G7="Outro binário"),Legenda!$C$9,0))+MIN(Legenda!$C$11,MAX(0,J7-1)*Legenda!$C$10))),IF(H7="Parcial",MIN(Legenda!$C$13,MIN(10,IF(E7="Sim",Legenda!$C$4,IF(E7="Parcial",Legenda!$C$5,0))+IF(F7="Sim",Legenda!$C$6,IF(F7="Parcial",Legenda!$C$7,0))+IF(G7="otool + Ghidra",Legenda!$C$8,IF(OR(G7="otool",G7="Ghidra",G7="Outro binário"),Legenda!$C$9,0))+MIN(Legenda!$C$11,MAX(0,J7-1)*Legenda!$C$10))),MIN(10,IF(E7="Sim",Legenda!$C$4,IF(E7="Parcial",Legenda!$C$5,0))+IF(F7="Sim",Legenda!$C$6,IF(F7="Parcial",Legenda!$C$7,0))+IF(G7="otool + Ghidra",Legenda!$C$8,IF(OR(G7="otool",G7="Ghidra",G7="Outro binário"),Legenda!$C$9,0))+MIN(Legenda!$C$11,MAX(0,J7-1)*Legenda!$C$10)))),1) | M7: A1-ghidra/Q-410-0-reference-map.md §2 | N7: — | O7: [2026-10-26] +0x34b sem leitor encontrado (B-5) | P7: =LEFT(A7,FIND(".",A7&".")-1)
A8: 410-0.2.5 | B8: 410-0.2 | C8: Rearrange LLRR10WithMIDI | D8: stride 10/11, ordem 8 0 2 4 6 9 1 3 5 7 | E8: Sim | F8: Não | G8: otool | H8: Não | I8: mafw.asm 51942-52130 | J8: =IF(TRIM(I8)="",0,LEN(I8)-LEN(SUBSTITUTE(I8,";",""))+1) | K8: Consistente | L8: =ROUND(IF(H8="Sim",MIN(Legenda!$C$12,MIN(10,IF(E8="Sim",Legenda!$C$4,IF(E8="Parcial",Legenda!$C$5,0))+IF(F8="Sim",Legenda!$C$6,IF(F8="Parcial",Legenda!$C$7,0))+IF(G8="otool + Ghidra",Legenda!$C$8,IF(OR(G8="otool",G8="Ghidra",G8="Outro binário"),Legenda!$C$9,0))+MIN(Legenda!$C$11,MAX(0,J8-1)*Legenda!$C$10))),IF(H8="Parcial",MIN(Legenda!$C$13,MIN(10,IF(E8="Sim",Legenda!$C$4,IF(E8="Parcial",Legenda!$C$5,0))+IF(F8="Sim",Legenda!$C$6,IF(F8="Parcial",Legenda!$C$7,0))+IF(G8="otool + Ghidra",Legenda!$C$8,IF(OR(G8="otool",G8="Ghidra",G8="Outro binário"),Legenda!$C$9,0))+MIN(Legenda!$C$11,MAX(0,J8-1)*Legenda!$C$10))),MIN(10,IF(E8="Sim",Legenda!$C$4,IF(E8="Parcial",Legenda!$C$5,0))+IF(F8="Sim",Legenda!$C$6,IF(F8="Parcial",Legenda!$C$7,0))+IF(G8="otool + Ghidra",Legenda!$C$8,IF(OR(G8="otool",G8="Ghidra",G8="Outro binário"),Legenda!$C$9,0))+MIN(Legenda!$C$11,MAX(0,J8-1)*Legenda!$C$10)))),1) | M8: A1-ghidra/Q-410-0-reference-map.md §2 | N8: — | O8: [2026-10-26] falta no clone (B-1) | P8: =LEFT(A8,FIND(".",A8&".")-1)
A9: 410-0.2.6 | B9: 410-0.2 | C9: SamplePeaks10 | D9: identidade, 10 canais, grupos de 8 quadros | E9: Sim | F9: Não | G9: Ghidra | H9: Não | I9: decomp _SamplePeaks10 | J9: =IF(TRIM(I9)="",0,LEN(I9)-LEN(SUBSTITUTE(I9,";",""))+1) | K9: Consistente | L9: =ROUND(IF(H9="Sim",MIN(Legenda!$C$12,MIN(10,IF(E9="Sim",Legenda!$C$4,IF(E9="Parcial",Legenda!$C$5,0))+IF(F9="Sim",Legenda!$C$6,IF(F9="Parcial",Legenda!$C$7,0))+IF(G9="otool + Ghidra",Legenda!$C$8,IF(OR(G9="otool",G9="Ghidra",G9="Outro binário"),Legenda!$C$9,0))+MIN(Legenda!$C$11,MAX(0,J9-1)*Legenda!$C$10))),IF(H9="Parcial",MIN(Legenda!$C$13,MIN(10,IF(E9="Sim",Legenda!$C$4,IF(E9="Parcial",Legenda!$C$5,0))+IF(F9="Sim",Legenda!$C$6,IF(F9="Parcial",Legenda!$C$7,0))+IF(G9="otool + Ghidra",Legenda!$C$8,IF(OR(G9="otool",G9="Ghidra",G9="Outro binário"),Legenda!$C$9,0))+MIN(Legenda!$C$11,MAX(0,J9-1)*Legenda!$C$10))),MIN(10,IF(E9="Sim",Legenda!$C$4,IF(E9="Parcial",Legenda!$C$5,0))+IF(F9="Sim",Legenda!$C$6,IF(F9="Parcial",Legenda!$C$7,0))+IF(G9="otool + Ghidra",Legenda!$C$8,IF(OR(G9="otool",G9="Ghidra",G9="Outro binário"),Legenda!$C$9,0))+MIN(Legenda!$C$11,MAX(0,J9-1)*Legenda!$C$10)))),1) | M9: A1-ghidra/Q-410-0-reference-map.md §2 | N9: — | O9: [2026-10-26] falta no clone (B-1) | P9: =LEFT(A9,FIND(".",A9&".")-1)
A10: 410-0.2.7 | B10: 410-0.2 | C10: UID do engine | D10: [+0x34a] → "com_m_audio_FWEngine1:<GUID>" | E10: Sim | F10: Sim | G10: otool | H10: Não | I10: asm 0x5b95-0x5ba8; captura 103 pairs-hal | J10: =IF(TRIM(I10)="",0,LEN(I10)-LEN(SUBSTITUTE(I10,";",""))+1) | K10: Consistente | L10: =ROUND(IF(H10="Sim",MIN(Legenda!$C$12,MIN(10,IF(E10="Sim",Legenda!$C$4,IF(E10="Parcial",Legenda!$C$5,0))+IF(F10="Sim",Legenda!$C$6,IF(F10="Parcial",Legenda!$C$7,0))+IF(G10="otool + Ghidra",Legenda!$C$8,IF(OR(G10="otool",G10="Ghidra",G10="Outro binário"),Legenda!$C$9,0))+MIN(Legenda!$C$11,MAX(0,J10-1)*Legenda!$C$10))),IF(H10="Parcial",MIN(Legenda!$C$13,MIN(10,IF(E10="Sim",Legenda!$C$4,IF(E10="Parcial",Legenda!$C$5,0))+IF(F10="Sim",Legenda!$C$6,IF(F10="Parcial",Legenda!$C$7,0))+IF(G10="otool + Ghidra",Legenda!$C$8,IF(OR(G10="otool",G10="Ghidra",G10="Outro binário"),Legenda!$C$9,0))+MIN(Legenda!$C$11,MAX(0,J10-1)*Legenda!$C$10))),MIN(10,IF(E10="Sim",Legenda!$C$4,IF(E10="Parcial",Legenda!$C$5,0))+IF(F10="Sim",Legenda!$C$6,IF(F10="Parcial",Legenda!$C$7,0))+IF(G10="otool + Ghidra",Legenda!$C$8,IF(OR(G10="otool",G10="Ghidra",G10="Outro binário"),Legenda!$C$9,0))+MIN(Legenda!$C$11,MAX(0,J10-1)*Legenda!$C$10)))),1) | M10: A1-ghidra/Q-410-0-reference-map.md §2, §9 | N10: — | O10: [2026-10-26] falta no clone (B-2) | P10: =LEFT(A10,FIND(".",A10&".")-1)
A11: 410-0.2.8 | B11: 410-0.2 | C11: Tabelas de remap 192 kHz | D11: DeviceChannels +0x18/+0x20 = ponteiros 0x2f9e0 / 0x2f9f0 no 0x4ad40 | E11: Parcial | F11: Não | G11: python | H11: Sim | I11: bytes 0x4ad40; ConvertInputSampleData @0x4624 | J11: =IF(TRIM(I11)="",0,LEN(I11)-LEN(SUBSTITUTE(I11,";",""))+1) | K11: Aberto / não resolvido | L11: =ROUND(IF(H11="Sim",MIN(Legenda!$C$12,MIN(10,IF(E11="Sim",Legenda!$C$4,IF(E11="Parcial",Legenda!$C$5,0))+IF(F11="Sim",Legenda!$C$6,IF(F11="Parcial",Legenda!$C$7,0))+IF(G11="otool + Ghidra",Legenda!$C$8,IF(OR(G11="otool",G11="Ghidra",G11="Outro binário"),Legenda!$C$9,0))+MIN(Legenda!$C$11,MAX(0,J11-1)*Legenda!$C$10))),IF(H11="Parcial",MIN(Legenda!$C$13,MIN(10,IF(E11="Sim",Legenda!$C$4,IF(E11="Parcial",Legenda!$C$5,0))+IF(F11="Sim",Legenda!$C$6,IF(F11="Parcial",Legenda!$C$7,0))+IF(G11="otool + Ghidra",Legenda!$C$8,IF(OR(G11="otool",G11="Ghidra",G11="Outro binário"),Legenda!$C$9,0))+MIN(Legenda!$C$11,MAX(0,J11-1)*Legenda!$C$10))),MIN(10,IF(E11="Sim",Legenda!$C$4,IF(E11="Parcial",Legenda!$C$5,0))+IF(F11="Sim",Legenda!$C$6,IF(F11="Parcial",Legenda!$C$7,0))+IF(G11="otool + Ghidra",Legenda!$C$8,IF(OR(G11="otool",G11="Ghidra",G11="Outro binário"),Legenda!$C$9,0))+MIN(Legenda!$C$11,MAX(0,J11-1)*Legenda!$C$10)))),1) | M11: A1-ghidra/Q-410-0-reference-map.md §2 | N11: — | O11: [2026-10-26] hipótese: remap de canais; decodificar (B-3a) | P11: =LEFT(A11,FIND(".",A11&".")-1)
A12: 410-0.3.1 | B12: 410-0.3 | C12: Pacote de status | D12: 0x4c bytes; slots 0-3 hw in, 4-13 SW return (host), 14-27 hw out; q18 lock/FDF/encoder | E12: Sim | F12: Não | G12: Ghidra | H12: Não | I12: decomp ReadHSCIData; snd-bebob METER_SIZE_FW410 76 | J12: =IF(TRIM(I12)="",0,LEN(I12)-LEN(SUBSTITUTE(I12,";",""))+1) | K12: Consistente | L12: =ROUND(IF(H12="Sim",MIN(Legenda!$C$12,MIN(10,IF(E12="Sim",Legenda!$C$4,IF(E12="Parcial",Legenda!$C$5,0))+IF(F12="Sim",Legenda!$C$6,IF(F12="Parcial",Legenda!$C$7,0))+IF(G12="otool + Ghidra",Legenda!$C$8,IF(OR(G12="otool",G12="Ghidra",G12="Outro binário"),Legenda!$C$9,0))+MIN(Legenda!$C$11,MAX(0,J12-1)*Legenda!$C$10))),IF(H12="Parcial",MIN(Legenda!$C$13,MIN(10,IF(E12="Sim",Legenda!$C$4,IF(E12="Parcial",Legenda!$C$5,0))+IF(F12="Sim",Legenda!$C$6,IF(F12="Parcial",Legenda!$C$7,0))+IF(G12="otool + Ghidra",Legenda!$C$8,IF(OR(G12="otool",G12="Ghidra",G12="Outro binário"),Legenda!$C$9,0))+MIN(Legenda!$C$11,MAX(0,J12-1)*Legenda!$C$10))),MIN(10,IF(E12="Sim",Legenda!$C$4,IF(E12="Parcial",Legenda!$C$5,0))+IF(F12="Sim",Legenda!$C$6,IF(F12="Parcial",Legenda!$C$7,0))+IF(G12="otool + Ghidra",Legenda!$C$8,IF(OR(G12="otool",G12="Ghidra",G12="Outro binário"),Legenda!$C$9,0))+MIN(Legenda!$C$11,MAX(0,J12-1)*Legenda!$C$10)))),1) | M12: A1-ghidra/Q-410-0-reference-map.md §3 | N12: — | O12: [2026-10-26] um encoder, sem A/B | P12: =LEFT(A12,FIND(".",A12&".")-1)
A13: 410-0.4.1 | B13: 410-0.4 | C13: Clock | D13: interno tipo 0; S/PDIF coax (bit 2) tipo 4, óptico tipo 3; gate bit 30 | E13: Sim | F13: Sim | G13: otool | H13: Não | I13: asm 0x14eda-0x14f56; captura 103 MAClockSource | J13: =IF(TRIM(I13)="",0,LEN(I13)-LEN(SUBSTITUTE(I13,";",""))+1) | K13: Corrigido 2026-10-26 | L13: =ROUND(IF(H13="Sim",MIN(Legenda!$C$12,MIN(10,IF(E13="Sim",Legenda!$C$4,IF(E13="Parcial",Legenda!$C$5,0))+IF(F13="Sim",Legenda!$C$6,IF(F13="Parcial",Legenda!$C$7,0))+IF(G13="otool + Ghidra",Legenda!$C$8,IF(OR(G13="otool",G13="Ghidra",G13="Outro binário"),Legenda!$C$9,0))+MIN(Legenda!$C$11,MAX(0,J13-1)*Legenda!$C$10))),IF(H13="Parcial",MIN(Legenda!$C$13,MIN(10,IF(E13="Sim",Legenda!$C$4,IF(E13="Parcial",Legenda!$C$5,0))+IF(F13="Sim",Legenda!$C$6,IF(F13="Parcial",Legenda!$C$7,0))+IF(G13="otool + Ghidra",Legenda!$C$8,IF(OR(G13="otool",G13="Ghidra",G13="Outro binário"),Legenda!$C$9,0))+MIN(Legenda!$C$11,MAX(0,J13-1)*Legenda!$C$10))),MIN(10,IF(E13="Sim",Legenda!$C$4,IF(E13="Parcial",Legenda!$C$5,0))+IF(F13="Sim",Legenda!$C$6,IF(F13="Parcial",Legenda!$C$7,0))+IF(G13="otool + Ghidra",Legenda!$C$8,IF(OR(G13="otool",G13="Ghidra",G13="Outro binário"),Legenda!$C$9,0))+MIN(Legenda!$C$11,MAX(0,J13-1)*Legenda!$C$10)))),1) | M13: A1-ghidra/Q-410-0-reference-map.md §4 | N13: AUD-410-03 | O13: [2026-10-26] o decompile misturava clk e blank | P13: =LEFT(A13,FIND(".",A13&".")-1)
... A23: 410-0.9.1 | B23: 410-0.9 | C23: MIDI e firmware | D23: plug-in original casa com com_m_audio_FW410Device; catálogo de firmware já tem 20070504102656 = unidade | E23: Sim | F23: Sim | G23: plutil + strings | H23: Não | I23: Info.plist do plug-in; FirmwareCatalog.swift:26; about.png | J23: =IF(TRIM(I23)="",0,LEN(I23)-LEN(SUBSTITUTE(I23,";",""))+1) | K23: Consistente | L23: =ROUND(IF(H23="Sim",MIN(Legenda!$C$12,MIN(10,IF(E23="Sim",Legenda!$C$4,IF(E23="Parcial",Legenda!$C$5,0))+IF(F23="Sim",Legenda!$C$6,IF(F23="Parcial",Legenda!$C$7,0))+IF(G23="otool + Ghidra",Legenda!$C$8,IF(OR(G23="otool",G23="Ghidra",G23="Outro binário"),Legenda!$C$9,0))+MIN(Legenda!$C$11,MAX(0,J23-1)*Legenda!$C$10))),IF(H23="Parcial",MIN(Legenda!$C$13,MIN(10,IF(E23="Sim",Legenda!$C$4,IF(E23="Parcial",Legenda!$C$5,0))+IF(F23="Sim",Legenda!$C$6,IF(F23="Parcial",Legenda!$C$7,0))+IF(G23="otool + Ghidra",Legenda!$C$8,IF(OR(G23="otool",G23="Ghidra",G23="Outro binário"),Legenda!$C$9,0))+MIN(Legenda!$C$11,MAX(0,J23-1)*Legenda!$C$10))),MIN(10,IF(E23="Sim",Legenda!$C$4,IF(E23="Parcial",Legenda!$C$5,0))+IF(F23="Sim",Legenda!$C$6,IF(F23="Parcial",Legenda!$C$7,0))+IF(G23="otool + Ghidra",Legenda!$C$8,IF(OR(G23="otool",G23="Ghidra",G23="Outro binário"),Legenda!$C$9,0))+MIN(Legenda!$C$11,MAX(0,J23-1)*Legenda!$C$10)))),1) | M23: PN410 §1; captura 103 | N23: — | O23: [2026-10-26] | P23: =LEFT(A23,FIND(".",A23&".")-1)

Sheet Build
A1: ID | B1: Pacote | C1: Tarefa | D1: Critério de aceite (teste) | E1: Depende de | F1: Status | G1: Quem | H1: Fonte no plano | I1: Notas
A2: DEC-1 | B2: Decisão | C2: Aprovar o plano FW410 v1 | D2: Resposta registrada no plano §9 | E2: — | F2: Concluído | G2: Você | H2: BUILD_FW410_PLAN_v1 §9 | I2: [2026-10-26] [2026-10-26 late] plano v2 aprovado (usuário)
A3: DEC-2 | B3: Decisão | C3: Versões (pacote 0.4.0 / driver 0.3.0 / painel 1.6?) | D3: Resposta registrada | E3: DEC-1 | F3: Concluído | G3: Você | H3: BUILD_FW410_PLAN_v1 §5 F6 | I3: [2026-10-26] [2026-10-26 late] 0.4.0 / 0.3.0 / 1.6 (usuário)
A4: DEC-3 | B4: Decisão | C4: Quais recursos ocultos expor (§6) | D4: Resposta registrada | E4: DEC-1 | F4: Concluído | G4: Você | H4: BUILD_FW410_PLAN_v1 §6 | I4: [2026-10-26] [2026-10-26 late] todos os recursos ocultos (usuário)
A5: DEC-4 | B5: Decisão | C5: Máquina da primeira execução (Mac dev Modern ou iMac Classic) | D5: Resposta registrada | E5: DEC-1 | F5: Concluído | G5: Você | H5: BUILD_FW410_PLAN_v1 §5 F7 | I5: [2026-10-26] [2026-10-26 late] Classic primeiro, iMac (usuário)
A6: F0-1 | B6: 0 | C6: Mapa de referência do kext (Q-410-0) | D6: R135 | E6: — | F6: Concluído | G6: Claude | H6: BUILD_FW410_PLAN_v1 §1 | I6: [2026-10-26]
A7: F0-2 | B7: 0 | C7: Capturas 102/103 no rig SL (telas, pares, controles, taxas) | D7: READMEs das capturas | E7: — | F7: Concluído | G7: Claude | H7: BUILD_FW410_PLAN_v1 §1 | I7: [2026-10-26]
A8: F0-3 | B8: 0 | C8: Mapa painel ↔ chave (PN410) | D8: PN410-control-key-map.md | E8: — | F8: Concluído | G8: Claude | H8: BUILD_FW410_PLAN_v1 §1 | I8: [2026-10-26]
A9: B-3a | B9: 0 | C9: Decodificar o remap de 192 kHz (+0x18/+0x20) | D9: nota com endereços | E9: DEC-1 | F9: Concluído | G9: Claude | H9: BUILD_FW410_PLAN_v1 §3 | I9: [2026-10-26] [2026-10-26 late] R136
A10: B-5 | B10: 0 | C10: Achar o leitor de [+0x34b] | D10: nota com endereços | E10: DEC-1 | F10: Concluído | G10: Claude | H10: BUILD_FW410_PLAN_v1 §3 | I10: [2026-10-26] [2026-10-26 late] sem leitor (R136)
A11: B-1 | B11: 1 | C11: LLRR10WithMIDI + SamplePeaks10 na base | D11: teste de host | E11: DEC-1 | F11: Concluído | G11: Claude | H11: BUILD_FW410_PLAN_v1 §3 | I11: [2026-10-26] [2026-10-26 late] host test fw410; captura 106
A12: B-2 | B12: 1 | C12: Flag de UID legado [+0x34a] | D12: UID com_m_audio_FWEngine1:<GUID> | E12: DEC-1 | F12: Concluído | G12: Claude | H12: BUILD_FW410_PLAN_v1 §3 | I12: [2026-10-26] [2026-10-26 late] UID com_m_audio_FWEngine1 ao vivo (captura 106)
... A32: F7 | B32: 7 | C32: Primeira execução integrada com o 410 | D32: lista do plano §5 F7 | E32: DEC-4 | F32: Em andamento | G32: Você + Claude | H32: BUILD_FW410_PLAN_v1 §5 | I32: [2026-10-26] [2026-10-26 late] captura 106; falta MIDI, S/PDIF, sleep/wake

Sheet Flags_auditoria
A1: ID flag | B1: Arquivo / grupo | C1: Linha(s) | D1: Afirmação citada | E1: Categoria | F1: Severidade | G1: Como verificar / o que o binário diz | H1: Status | I1: Resolução (2026-10-14) | J1: Evidência / próximo passo | K1: Parte
A2: AUD-410-01 | B2: docs/BUILD_AUDIOPHILE_PLAN_v9.md | C2: Apêndice A linha 0 | D2: "FW 410 … AV/C FB ('normal')" | E2: 4 | F2: alta | G2: vtable do 410 slot 0xba8 = CustomMixerWriteQuads; todos os setters de mixer escrevem registradores | H2: Resolvido | I2: Correction 2026-10-26 no plano v9 | J2: R135; Q-410-0 §5 | K2: 410-0.5
A3: AUD-410-02 | B3: docs/system-map/A2-panel/P8-rate-and-buffer.md | C3: 36, 56, 67 | D3: cookie 0x614 = "ASIO-DM checkbox" | E3: 1 | F3: média | G3: No 410 a caixa é "show 410's stereo pairs as devices" (captura 103) e LoadAsioDmEnableControl é vazio; no painel do 1814 o rótulo não foi visto | H3: Rotulado | I3: Correction 2026-10-26 no P8 (rótulo não verificado no 1814) | J3: R135; captura 103; PN410 §1 | K3: 410-0.7
A4: AUD-410-03 | B4: docs/system-map/A1-ghidra/Q-410-0-reference-map.md | C4: §4 | D4: decompile de SetClockSourceInternal (clk/blank misturados) | E4: 4 | F4: média | G4: asm 0x14eda: bit 2 escolhe tipo 4 (coax) ou 3 (óptico) | H4: Resolvido | I4: §4 reescrito do asm | J4: R135; captura 103 | K4: 410-0.4

Sheet Legenda
A1: Legenda e método de pontuação
A3: Pesos da nota de confiança (edite os valores azuis; a coluna L da aba Itens recalcula)
A4: Byte-level confirmado = Sim | C4: 3
A5: Byte-level confirmado = Parcial | C5: 1.5
A6: Hardware live = Sim | C6: 3
A7: Hardware live = Parcial | C7: 1.5
A8: Ferramenta = otool + Ghidra | C8: 2
A9: Ferramenta = otool, Ghidra ou Outro binário | C9: 1
A10: Por fonte adicional (a partir da 2ª) | C10: 1
A11: Máximo de pontos por cruzamento | C11: 2
A12: Teto se Especulativo = Sim | C12: 3
A13: Teto se Especulativo = Parcial | C13: 6
A16: Fórmula
A17: Base = byte + live + ferramenta + MIN(máx. cruzamento, (Nº de fontes − 1) × peso por fonte), limitada a 10. Depois aplica o teto do Especulativo. A nota mede o quanto o item está ancorado no binário v1.11.x e no hardware, não o quanto ele importa.
A19: Colunas
A20: ID | B20: Código do item: AP-0.n.k = tarefa AP-0.n do plano, item k. Parte = a tarefa; Sub-ramo = 'AP-0'.
A21: Byte-level confirmado | B21: Sim = lido no nível de instrução ou byte (asm, bytes da fatia, vtable, plist, header do SDK). Parcial = decompile Ghidra ou leitura indireta. Não = sem leitura do binário.
A22: Hardware live | B22: Sim = observado em hardware real (capturas B5 no SL v1.9, logs de pânico do build PC, experimentos registrados). Parcial = observação indireta ou só do clone antigo.
A23: Ferramenta | B23: otool + Ghidra / otool / Ghidra / Outro binário (nm, plist, bytes via python, SDK) / Nenhum.
A24: Especulativo | B24: Sim = hipótese sem prova; Parcial = parte do item é inferência.
A25: Fontes / cruzamentos | B25: Lista separada por ';' de evidências independentes. A coluna 'Nº de fontes' conta automaticamente.
A26: Status documental | B26: Consistente / Corrigido (com bloco Correction) / Correção pendente (audit: algum .md ainda tem a afirmação errada) / Aberto / Não auditado.
A27: Flags do audit | B27: Linhas citadas no PROVENANCE-AUDIT.md; detalhe na aba Flags_auditoria.
A29: Fontes
A30: docs/audiophile-manual-reference.md; docs/BUILD_AUDIOPHILE_PLAN_v3.md; docs/system-map/A1-ghidra/ghidra-exports/decomp/ (tag ap0, 2026-10-19); otool-exports/mafw.asm; B5-sl-dtrace-truth/captures/89, 89b, 90 (SL v1.9 + Audiophile); _extracted/kext Info.plist; _refs/snd-firewire-ctl-services, _refs/linux-snd-bebob, _refs/ffado.
A32: Aba Build | B32: Uma linha por tarefa do docs/BUILD_AUDIOPHILE_PLAN_v3.md (AP-n.m; Pacote = fase 0–8) e uma por decisão pendente (DEC-Qn). Status: Não iniciado / Em andamento / Concluído / Aguarda o usuário / Cancelado (corte de escopo). Notas datadas [AAAA-MM-DD].
