Workbook

Sheet Painel
A1: Painel — fase Audiophile (openaudio-mafw-bebob, macOS 10.13.6)
A2: 2026-10-21
A4: Visão geral
A5: Itens rastreados | B5: =COUNTA(Itens!$A$2:$A$500) | D5: ONDE ESTAMOS
A6: Itens fechados | B6: =COUNTIF(Itens!$K$2:$K$500,"Consistente")+COUNTIF(Itens!$K$2:$K$500,"Corrigido*") | D6: Painel: modo barra de menus (AP-5.5) e medidor grande (AP-5.6) escritos, testes do painel passam; instalador 0.2.0 construído e conferido estaticamente (R118). Duas unidades juntas no iMac feitas (R117).
A7: % itens fechados | B7: =IFERROR(B6/B5,0)
A8: Itens abertos | B8: =COUNTIF(Itens!$K$2:$K$500,"Aberto / não resolvido")
A9: Correções pendentes | B9: =COUNTIF(Itens!$K$2:$K$500,"Correção pendente (audit)")
A10: Flags abertas | B10: =COUNTIF(Flags_auditoria!$H$2:$H$500,"Aberto") | D10: PARA ONDE VAMOS
A11: Confiança média (0–10) | B11: =IFERROR(AVERAGE(Itens!$L$2:$L$500),0) | D11: Próximo: você instala o 0.2.0 no MacBook Air (AP-8.2) e testa o menu de status e o medidor grande; depois README/NOTICE para dois modelos (AP-8.3, rascunho no repositório privado) e o release (AP-8.4, você).
A12: Tarefas concluídas | B12: =COUNTIF(Build!$F$2:$F$500,"Concluído")&" / "&(COUNTA(Build!$A$2:$A$500)-COUNTIF(Build!$F$2:$F$500,"Cancelado*"))
A13: Aguardando você | B13: =COUNTIF(Build!$F$2:$F$500,"Aguarda o usuário")
A14: Progresso do build | B14: =IFERROR(COUNTIF(Build!$F$2:$F$500,"Concluído")/(COUNTA(Build!$A$2:$A$500)-COUNTIF(Build!$F$2:$F$500,"Cancelado*")),0)
A17: Roadmap por fase (aba Build)
A18: Fase | B18: Conteúdo | C18: Estado | D18: % pronto | E18: Tarefas | F18: Concluídas | G18: Aguardam você | H18: Próximo passo | I18: Sessões (plano §8)
A19: Decisão | B19: Decisões Q1–Q5 do plano §9 | C19: =IF(COUNTIFS(Build!$B$2:$B$500,A19,Build!$F$2:$F$500,"Concluído")=(COUNTIF(Build!$B$2:$B$500,A19)-COUNTIFS(Build!$B$2:$B$500,A19,Build!$F$2:$F$500,"Cancelado*")),"Concluído",IF(COUNTIFS(Build!$B$2:$B$500,A19,Build!$F$2:$F$500,"Em andamento")+COUNTIFS(Build!$B$2:$B$500,A19,Build!$F$2:$F$500,"Concluído")>0,"Em andamento",IF(COUNTIFS(Build!$B$2:$B$500,A19,Build!$F$2:$F$500,"Aguarda o usuário")>0,"Aguarda você","Não iniciado"))) | D19: =IFERROR(COUNTIFS(Build!$B$2:$B$500,A19,Build!$F$2:$F$500,"Concluído")/(COUNTIF(Build!$B$2:$B$500,A19)-COUNTIFS(Build!$B$2:$B$500,A19,Build!$F$2:$F$500,"Cancelado*")),0) | E19: =(COUNTIF(Build!$B$2:$B$500,A19)-COUNTIFS(Build!$B$2:$B$500,A19,Build!$F$2:$F$500,"Cancelado*")) | F19: =COUNTIFS(Build!$B$2:$B$500,A19,Build!$F$2:$F$500,"Concluído") | G19: =COUNTIFS(Build!$B$2:$B$500,A19,Build!$F$2:$F$500,"Aguarda o usuário") | H19: Responder antes da fase 1 | I19: —
A20: 0 | B20: Pesquisa estática + capturas no rig SL | C20: =IF(COUNTIFS(Build!$B$2:$B$500,A20,Build!$F$2:$F$500,"Concluído")=(COUNTIF(Build!$B$2:$B$500,A20)-COUNTIFS(Build!$B$2:$B$500,A20,Build!$F$2:$F$500,"Cancelado*")),"Concluído",IF(COUNTIFS(Build!$B$2:$B$500,A20,Build!$F$2:$F$500,"Em andamento")+COUNTIFS(Build!$B$2:$B$500,A20,Build!$F$2:$F$500,"Concluído")>0,"Em andamento",IF(COUNTIFS(Build!$B$2:$B$500,A20,Build!$F$2:$F$500,"Aguarda o usuário")>0,"Aguarda você","Não iniciado"))) | D20: =IFERROR(COUNTIFS(Build!$B$2:$B$500,A20,Build!$F$2:$F$500,"Concluído")/(COUNTIF(Build!$B$2:$B$500,A20)-COUNTIFS(Build!$B$2:$B$500,A20,Build!$F$2:$F$500,"Cancelado*")),0) | E20: =(COUNTIF(Build!$B$2:$B$500,A20)-COUNTIFS(Build!$B$2:$B$500,A20,Build!$F$2:$F$500,"Cancelado*")) | F20: =COUNTIFS(Build!$B$2:$B$500,A20,Build!$F$2:$F$500,"Concluído") | G20: =COUNTIFS(Build!$B$2:$B$500,A20,Build!$F$2:$F$500,"Aguarda o usuário") | H20: Fechar AP-0.2, depois AP-0.3 | I20: 2-3 + 1
A21: 1 | B21: Criar a árvore openaudio-mafw-bebob/ (cópia do 1814) | C21: =IF(COUNTIFS(Build!$B$2:$B$500,A21,Build!$F$2:$F$500,"Concluído")=(COUNTIF(Build!$B$2:$B$500,A21)-COUNTIFS(Build!$B$2:$B$500,A21,Build!$F$2:$F$500,"Cancelado*")),"Concluído",IF(COUNTIFS(Build!$B$2:$B$500,A21,Build!$F$2:$F$500,"Em andamento")+COUNTIFS(Build!$B$2:$B$500,A21,Build!$F$2:$F$500,"Concluído")>0,"Em andamento",IF(COUNTIFS(Build!$B$2:$B$500,A21,Build!$F$2:$F$500,"Aguarda o usuário")>0,"Aguarda você","Não iniciado"))) | D21: =IFERROR(COUNTIFS(Build!$B$2:$B$500,A21,Build!$F$2:$F$500,"Concluído")/(COUNTIF(Build!$B$2:$B$500,A21)-COUNTIFS(Build!$B$2:$B$500,A21,Build!$F$2:$F$500,"Cancelado*")),0) | E21: =(COUNTIF(Build!$B$2:$B$500,A21)-COUNTIFS(Build!$B$2:$B$500,A21,Build!$F$2:$F$500,"Cancelado*")) | F21: =COUNTIFS(Build!$B$2:$B$500,A21,Build!$F$2:$F$500,"Concluído") | G21: =COUNTIFS(Build!$B$2:$B$500,A21,Build!$F$2:$F$500,"Aguarda o usuário") | H21: Depende de Q1/Q2 | I21: 1
A22: 2 | B22: Núcleo agnóstico de modelo + base Rev2 | C22: =IF(COUNTIFS(Build!$B$2:$B$500,A22,Build!$F$2:$F$500,"Concluído")=(COUNTIF(Build!$B$2:$B$500,A22)-COUNTIFS(Build!$B$2:$B$500,A22,Build!$F$2:$F$500,"Cancelado*")),"Concluído",IF(COUNTIFS(Build!$B$2:$B$500,A22,Build!$F$2:$F$500,"Em andamento")+COUNTIFS(Build!$B$2:$B$500,A22,Build!$F$2:$F$500,"Concluído")>0,"Em andamento",IF(COUNTIFS(Build!$B$2:$B$500,A22,Build!$F$2:$F$500,"Aguarda o usuário")>0,"Aguarda você","Não iniciado"))) | D22: =IFERROR(COUNTIFS(Build!$B$2:$B$500,A22,Build!$F$2:$F$500,"Concluído")/(COUNTIF(Build!$B$2:$B$500,A22)-COUNTIFS(Build!$B$2:$B$500,A22,Build!$F$2:$F$500,"Cancelado*")),0) | E22: =(COUNTIF(Build!$B$2:$B$500,A22)-COUNTIFS(Build!$B$2:$B$500,A22,Build!$F$2:$F$500,"Cancelado*")) | F22: =COUNTIFS(Build!$B$2:$B$500,A22,Build!$F$2:$F$500,"Concluído") | G22: =COUNTIFS(Build!$B$2:$B$500,A22,Build!$F$2:$F$500,"Aguarda o usuário") | H22: — | I22: 2-3
A23: 3 | B23: Kext do Audiophile | C23: =IF(COUNTIFS(Build!$B$2:$B$500,A23,Build!$F$2:$F$500,"Concluído")=(COUNTIF(Build!$B$2:$B$500,A23)-COUNTIFS(Build!$B$2:$B$500,A23,Build!$F$2:$F$500,"Cancelado*")),"Concluído",IF(COUNTIFS(Build!$B$2:$B$500,A23,Build!$F$2:$F$500,"Em andamento")+COUNTIFS(Build!$B$2:$B$500,A23,Build!$F$2:$F$500,"Concluído")>0,"Em andamento",IF(COUNTIFS(Build!$B$2:$B$500,A23,Build!$F$2:$F$500,"Aguarda o usuário")>0,"Aguarda você","Não iniciado"))) | D23: =IFERROR(COUNTIFS(Build!$B$2:$B$500,A23,Build!$F$2:$F$500,"Concluído")/(COUNTIF(Build!$B$2:$B$500,A23)-COUNTIFS(Build!$B$2:$B$500,A23,Build!$F$2:$F$500,"Cancelado*")),0) | E23: =(COUNTIF(Build!$B$2:$B$500,A23)-COUNTIFS(Build!$B$2:$B$500,A23,Build!$F$2:$F$500,"Cancelado*")) | F23: =COUNTIFS(Build!$B$2:$B$500,A23,Build!$F$2:$F$500,"Concluído") | G23: =COUNTIFS(Build!$B$2:$B$500,A23,Build!$F$2:$F$500,"Aguarda o usuário") | H23: — | I23: 3-5
A24: 4 | B24: Helper (.bcd por offsets, tabela de produtos) | C24: =IF(COUNTIFS(Build!$B$2:$B$500,A24,Build!$F$2:$F$500,"Concluído")=(COUNTIF(Build!$B$2:$B$500,A24)-COUNTIFS(Build!$B$2:$B$500,A24,Build!$F$2:$F$500,"Cancelado*")),"Concluído",IF(COUNTIFS(Build!$B$2:$B$500,A24,Build!$F$2:$F$500,"Em andamento")+COUNTIFS(Build!$B$2:$B$500,A24,Build!$F$2:$F$500,"Concluído")>0,"Em andamento",IF(COUNTIFS(Build!$B$2:$B$500,A24,Build!$F$2:$F$500,"Aguarda o usuário")>0,"Aguarda você","Não iniciado"))) | D24: =IFERROR(COUNTIFS(Build!$B$2:$B$500,A24,Build!$F$2:$F$500,"Concluído")/(COUNTIF(Build!$B$2:$B$500,A24)-COUNTIFS(Build!$B$2:$B$500,A24,Build!$F$2:$F$500,"Cancelado*")),0) | E24: =(COUNTIF(Build!$B$2:$B$500,A24)-COUNTIFS(Build!$B$2:$B$500,A24,Build!$F$2:$F$500,"Cancelado*")) | F24: =COUNTIFS(Build!$B$2:$B$500,A24,Build!$F$2:$F$500,"Concluído") | G24: =COUNTIFS(Build!$B$2:$B$500,A24,Build!$F$2:$F$500,"Aguarda o usuário") | H24: — | I24: 1
A25: 5 | B25: Painel por descritores + telas do Audiophile | C25: =IF(COUNTIFS(Build!$B$2:$B$500,A25,Build!$F$2:$F$500,"Concluído")=(COUNTIF(Build!$B$2:$B$500,A25)-COUNTIFS(Build!$B$2:$B$500,A25,Build!$F$2:$F$500,"Cancelado*")),"Concluído",IF(COUNTIFS(Build!$B$2:$B$500,A25,Build!$F$2:$F$500,"Em andamento")+COUNTIFS(Build!$B$2:$B$500,A25,Build!$F$2:$F$500,"Concluído")>0,"Em andamento",IF(COUNTIFS(Build!$B$2:$B$500,A25,Build!$F$2:$F$500,"Aguarda o usuário")>0,"Aguarda você","Não iniciado"))) | D25: =IFERROR(COUNTIFS(Build!$B$2:$B$500,A25,Build!$F$2:$F$500,"Concluído")/(COUNTIF(Build!$B$2:$B$500,A25)-COUNTIFS(Build!$B$2:$B$500,A25,Build!$F$2:$F$500,"Cancelado*")),0) | E25: =(COUNTIF(Build!$B$2:$B$500,A25)-COUNTIFS(Build!$B$2:$B$500,A25,Build!$F$2:$F$500,"Cancelado*")) | F25: =COUNTIFS(Build!$B$2:$B$500,A25,Build!$F$2:$F$500,"Concluído") | G25: =COUNTIFS(Build!$B$2:$B$500,A25,Build!$F$2:$F$500,"Aguarda o usuário") | H25: — | I25: 3-4
A26: 6 | B26: MIDI | C26: =IF(COUNTIFS(Build!$B$2:$B$500,A26,Build!$F$2:$F$500,"Concluído")=(COUNTIF(Build!$B$2:$B$500,A26)-COUNTIFS(Build!$B$2:$B$500,A26,Build!$F$2:$F$500,"Cancelado*")),"Concluído",IF(COUNTIFS(Build!$B$2:$B$500,A26,Build!$F$2:$F$500,"Em andamento")+COUNTIFS(Build!$B$2:$B$500,A26,Build!$F$2:$F$500,"Concluído")>0,"Em andamento",IF(COUNTIFS(Build!$B$2:$B$500,A26,Build!$F$2:$F$500,"Aguarda o usuário")>0,"Aguarda você","Não iniciado"))) | D26: =IFERROR(COUNTIFS(Build!$B$2:$B$500,A26,Build!$F$2:$F$500,"Concluído")/(COUNTIF(Build!$B$2:$B$500,A26)-COUNTIFS(Build!$B$2:$B$500,A26,Build!$F$2:$F$500,"Cancelado*")),0) | E26: =(COUNTIF(Build!$B$2:$B$500,A26)-COUNTIFS(Build!$B$2:$B$500,A26,Build!$F$2:$F$500,"Cancelado*")) | F26: =COUNTIFS(Build!$B$2:$B$500,A26,Build!$F$2:$F$500,"Concluído") | G26: =COUNTIFS(Build!$B$2:$B$500,A26,Build!$F$2:$F$500,"Aguarda o usuário") | H26: — | I26: 0.5
A27: 7 | B27: Escada de hardware (um teste integrado) | C27: =IF(COUNTIFS(Build!$B$2:$B$500,A27,Build!$F$2:$F$500,"Concluído")=(COUNTIF(Build!$B$2:$B$500,A27)-COUNTIFS(Build!$B$2:$B$500,A27,Build!$F$2:$F$500,"Cancelado*")),"Concluído",IF(COUNTIFS(Build!$B$2:$B$500,A27,Build!$F$2:$F$500,"Em andamento")+COUNTIFS(Build!$B$2:$B$500,A27,Build!$F$2:$F$500,"Concluído")>0,"Em andamento",IF(COUNTIFS(Build!$B$2:$B$500,A27,Build!$F$2:$F$500,"Aguarda o usuário")>0,"Aguarda você","Não iniciado"))) | D27: =IFERROR(COUNTIFS(Build!$B$2:$B$500,A27,Build!$F$2:$F$500,"Concluído")/(COUNTIF(Build!$B$2:$B$500,A27)-COUNTIFS(Build!$B$2:$B$500,A27,Build!$F$2:$F$500,"Cancelado*")),0) | E27: =(COUNTIF(Build!$B$2:$B$500,A27)-COUNTIFS(Build!$B$2:$B$500,A27,Build!$F$2:$F$500,"Cancelado*")) | F27: =COUNTIFS(Build!$B$2:$B$500,A27,Build!$F$2:$F$500,"Concluído") | G27: =COUNTIFS(Build!$B$2:$B$500,A27,Build!$F$2:$F$500,"Aguarda o usuário") | H27: Regra do avião | I27: 3-4
A28: 8 | B28: Regressão do 1814, instalador, docs | C28: =IF(COUNTIFS(Build!$B$2:$B$500,A28,Build!$F$2:$F$500,"Concluído")=(COUNTIF(Build!$B$2:$B$500,A28)-COUNTIFS(Build!$B$2:$B$500,A28,Build!$F$2:$F$500,"Cancelado*")),"Concluído",IF(COUNTIFS(Build!$B$2:$B$500,A28,Build!$F$2:$F$500,"Em andamento")+COUNTIFS(Build!$B$2:$B$500,A28,Build!$F$2:$F$500,"Concluído")>0,"Em andamento",IF(COUNTIFS(Build!$B$2:$B$500,A28,Build!$F$2:$F$500,"Aguarda o usuário")>0,"Aguarda você","Não iniciado"))) | D28: =IFERROR(COUNTIFS(Build!$B$2:$B$500,A28,Build!$F$2:$F$500,"Concluído")/(COUNTIF(Build!$B$2:$B$500,A28)-COUNTIFS(Build!$B$2:$B$500,A28,Build!$F$2:$F$500,"Cancelado*")),0) | E28: =(COUNTIF(Build!$B$2:$B$500,A28)-COUNTIFS(Build!$B$2:$B$500,A28,Build!$F$2:$F$500,"Cancelado*")) | F28: =COUNTIFS(Build!$B$2:$B$500,A28,Build!$F$2:$F$500,"Concluído") | G28: =COUNTIFS(Build!$B$2:$B$500,A28,Build!$F$2:$F$500,"Aguarda o usuário") | H28: — | I28: 2-3

Sheet Resumo
A1: Matriz de proveniência — fase Audiophile (openaudio-mafw-bebob)
A2: Tudo nesta aba é fórmula sobre as abas Itens e Flags_auditoria.
A4: Parte | B4: Itens | C4: Confiança média | D4: Byte-level = Sim | E4: Hardware live = Sim | F4: Especulativo = Sim | G4: Correção pendente | H4: Aberto | I4: Confiança ≤ 3 | J4: Confiança ≥ 7
A5: AP-0.1 | B5: =COUNTIF(Itens!$B$2:$B$500,A5) | C5: =IFERROR(AVERAGEIF(Itens!$B$2:$B$500,A5,Itens!$L$2:$L$500),0) | D5: =COUNTIFS(Itens!$B$2:$B$500,A5,Itens!$E$2:$E$500,"Sim") | E5: =COUNTIFS(Itens!$B$2:$B$500,A5,Itens!$F$2:$F$500,"Sim") | F5: =COUNTIFS(Itens!$B$2:$B$500,A5,Itens!$H$2:$H$500,"Sim") | G5: =COUNTIFS(Itens!$B$2:$B$500,A5,Itens!$K$2:$K$500,"Correção pendente (audit)") | H5: =COUNTIFS(Itens!$B$2:$B$500,A5,Itens!$K$2:$K$500,"Aberto / não resolvido") | I5: =COUNTIFS(Itens!$B$2:$B$500,A5,Itens!$L$2:$L$500,"<=3") | J5: =COUNTIFS(Itens!$B$2:$B$500,A5,Itens!$L$2:$L$500,">=7")
A6: AP-0.2 | B6: =COUNTIF(Itens!$B$2:$B$500,A6) | C6: =IFERROR(AVERAGEIF(Itens!$B$2:$B$500,A6,Itens!$L$2:$L$500),0) | D6: =COUNTIFS(Itens!$B$2:$B$500,A6,Itens!$E$2:$E$500,"Sim") | E6: =COUNTIFS(Itens!$B$2:$B$500,A6,Itens!$F$2:$F$500,"Sim") | F6: =COUNTIFS(Itens!$B$2:$B$500,A6,Itens!$H$2:$H$500,"Sim") | G6: =COUNTIFS(Itens!$B$2:$B$500,A6,Itens!$K$2:$K$500,"Correção pendente (audit)") | H6: =COUNTIFS(Itens!$B$2:$B$500,A6,Itens!$K$2:$K$500,"Aberto / não resolvido") | I6: =COUNTIFS(Itens!$B$2:$B$500,A6,Itens!$L$2:$L$500,"<=3") | J6: =COUNTIFS(Itens!$B$2:$B$500,A6,Itens!$L$2:$L$500,">=7")
A7: AP-0.3 | B7: =COUNTIF(Itens!$B$2:$B$500,A7) | C7: =IFERROR(AVERAGEIF(Itens!$B$2:$B$500,A7,Itens!$L$2:$L$500),0) | D7: =COUNTIFS(Itens!$B$2:$B$500,A7,Itens!$E$2:$E$500,"Sim") | E7: =COUNTIFS(Itens!$B$2:$B$500,A7,Itens!$F$2:$F$500,"Sim") | F7: =COUNTIFS(Itens!$B$2:$B$500,A7,Itens!$H$2:$H$500,"Sim") | G7: =COUNTIFS(Itens!$B$2:$B$500,A7,Itens!$K$2:$K$500,"Correção pendente (audit)") | H7: =COUNTIFS(Itens!$B$2:$B$500,A7,Itens!$K$2:$K$500,"Aberto / não resolvido") | I7: =COUNTIFS(Itens!$B$2:$B$500,A7,Itens!$L$2:$L$500,"<=3") | J7: =COUNTIFS(Itens!$B$2:$B$500,A7,Itens!$L$2:$L$500,">=7")
A8: AP-0.4 | B8: =COUNTIF(Itens!$B$2:$B$500,A8) | C8: =IFERROR(AVERAGEIF(Itens!$B$2:$B$500,A8,Itens!$L$2:$L$500),0) | D8: =COUNTIFS(Itens!$B$2:$B$500,A8,Itens!$E$2:$E$500,"Sim") | E8: =COUNTIFS(Itens!$B$2:$B$500,A8,Itens!$F$2:$F$500,"Sim") | F8: =COUNTIFS(Itens!$B$2:$B$500,A8,Itens!$H$2:$H$500,"Sim") | G8: =COUNTIFS(Itens!$B$2:$B$500,A8,Itens!$K$2:$K$500,"Correção pendente (audit)") | H8: =COUNTIFS(Itens!$B$2:$B$500,A8,Itens!$K$2:$K$500,"Aberto / não resolvido") | I8: =COUNTIFS(Itens!$B$2:$B$500,A8,Itens!$L$2:$L$500,"<=3") | J8: =COUNTIFS(Itens!$B$2:$B$500,A8,Itens!$L$2:$L$500,">=7")
A9: AP-0.5 | B9: =COUNTIF(Itens!$B$2:$B$500,A9) | C9: =IFERROR(AVERAGEIF(Itens!$B$2:$B$500,A9,Itens!$L$2:$L$500),0) | D9: =COUNTIFS(Itens!$B$2:$B$500,A9,Itens!$E$2:$E$500,"Sim") | E9: =COUNTIFS(Itens!$B$2:$B$500,A9,Itens!$F$2:$F$500,"Sim") | F9: =COUNTIFS(Itens!$B$2:$B$500,A9,Itens!$H$2:$H$500,"Sim") | G9: =COUNTIFS(Itens!$B$2:$B$500,A9,Itens!$K$2:$K$500,"Correção pendente (audit)") | H9: =COUNTIFS(Itens!$B$2:$B$500,A9,Itens!$K$2:$K$500,"Aberto / não resolvido") | I9: =COUNTIFS(Itens!$B$2:$B$500,A9,Itens!$L$2:$L$500,"<=3") | J9: =COUNTIFS(Itens!$B$2:$B$500,A9,Itens!$L$2:$L$500,">=7")
A10: AP-0.6 | B10: =COUNTIF(Itens!$B$2:$B$500,A10) | C10: =IFERROR(AVERAGEIF(Itens!$B$2:$B$500,A10,Itens!$L$2:$L$500),0) | D10: =COUNTIFS(Itens!$B$2:$B$500,A10,Itens!$E$2:$E$500,"Sim") | E10: =COUNTIFS(Itens!$B$2:$B$500,A10,Itens!$F$2:$F$500,"Sim") | F10: =COUNTIFS(Itens!$B$2:$B$500,A10,Itens!$H$2:$H$500,"Sim") | G10: =COUNTIFS(Itens!$B$2:$B$500,A10,Itens!$K$2:$K$500,"Correção pendente (audit)") | H10: =COUNTIFS(Itens!$B$2:$B$500,A10,Itens!$K$2:$K$500,"Aberto / não resolvido") | I10: =COUNTIFS(Itens!$B$2:$B$500,A10,Itens!$L$2:$L$500,"<=3") | J10: =COUNTIFS(Itens!$B$2:$B$500,A10,Itens!$L$2:$L$500,">=7")
A11: AP-0.7 | B11: =COUNTIF(Itens!$B$2:$B$500,A11) | C11: =IFERROR(AVERAGEIF(Itens!$B$2:$B$500,A11,Itens!$L$2:$L$500),0) | D11: =COUNTIFS(Itens!$B$2:$B$500,A11,Itens!$E$2:$E$500,"Sim") | E11: =COUNTIFS(Itens!$B$2:$B$500,A11,Itens!$F$2:$F$500,"Sim") | F11: =COUNTIFS(Itens!$B$2:$B$500,A11,Itens!$H$2:$H$500,"Sim") | G11: =COUNTIFS(Itens!$B$2:$B$500,A11,Itens!$K$2:$K$500,"Correção pendente (audit)") | H11: =COUNTIFS(Itens!$B$2:$B$500,A11,Itens!$K$2:$K$500,"Aberto / não resolvido") | I11: =COUNTIFS(Itens!$B$2:$B$500,A11,Itens!$L$2:$L$500,"<=3") | J11: =COUNTIFS(Itens!$B$2:$B$500,A11,Itens!$L$2:$L$500,">=7")
A12: AP-0.9 | B12: =COUNTIF(Itens!$B$2:$B$500,A12) | C12: =IFERROR(AVERAGEIF(Itens!$B$2:$B$500,A12,Itens!$L$2:$L$500),0) | D12: =COUNTIFS(Itens!$B$2:$B$500,A12,Itens!$E$2:$E$500,"Sim") | E12: =COUNTIFS(Itens!$B$2:$B$500,A12,Itens!$F$2:$F$500,"Sim") | F12: =COUNTIFS(Itens!$B$2:$B$500,A12,Itens!$H$2:$H$500,"Sim") | G12: =COUNTIFS(Itens!$B$2:$B$500,A12,Itens!$K$2:$K$500,"Correção pendente (audit)") | H12: =COUNTIFS(Itens!$B$2:$B$500,A12,Itens!$K$2:$K$500,"Aberto / não resolvido") | I12: =COUNTIFS(Itens!$B$2:$B$500,A12,Itens!$L$2:$L$500,"<=3") | J12: =COUNTIFS(Itens!$B$2:$B$500,A12,Itens!$L$2:$L$500,">=7")
A13: Total | B13: =SUM(B5:B12) | C13: =AVERAGE(Itens!$L$2:$L$500) | D13: =SUM(D5:D12) | E13: =SUM(E5:E12) | F13: =SUM(F5:F12) | G13: =SUM(G5:G12) | H13: =SUM(H5:H12) | I13: =SUM(I5:I12) | J13: =SUM(J5:J12)
A15: Flags do audit por severidade
A16: Severidade | B16: Total | C16: Abertas | D16: Resolvidas
A17: alta | B17: =COUNTIF(Flags_auditoria!$F$2:$F$500,A17) | C17: =COUNTIFS(Flags_auditoria!$F$2:$F$500,A17,Flags_auditoria!$H$2:$H$500,"Aberto") | D17: =COUNTIFS(Flags_auditoria!$F$2:$F$500,A17,Flags_auditoria!$H$2:$H$500,"Resolvido")
A18: média | B18: =COUNTIF(Flags_auditoria!$F$2:$F$500,A18) | C18: =COUNTIFS(Flags_auditoria!$F$2:$F$500,A18,Flags_auditoria!$H$2:$H$500,"Aberto") | D18: =COUNTIFS(Flags_auditoria!$F$2:$F$500,A18,Flags_auditoria!$H$2:$H$500,"Resolvido")
A19: baixa | B19: =COUNTIF(Flags_auditoria!$F$2:$F$500,A19) | C19: =COUNTIFS(Flags_auditoria!$F$2:$F$500,A19,Flags_auditoria!$H$2:$H$500,"Aberto") | D19: =COUNTIFS(Flags_auditoria!$F$2:$F$500,A19,Flags_auditoria!$H$2:$H$500,"Resolvido")

Sheet Itens
A1: ID | B1: Parte | C1: Item | D1: Descrição breve | E1: Byte-level confirmado | F1: Hardware live | G1: Ferramenta (otool/Ghidra) | H1: Especulativo | I1: Fontes / cruzamentos (separe com ;) | J1: Nº de fontes | K1: Status documental | L1: Confiança (0–10) | M1: Referência (arquivo; seção/linha) | N1: Flags do audit (arquivo:linha) | O1: Notas / pendências | P1: Sub-ramo
A2: AP-0.1.1 | B2: AP-0.1 | C2: Tabela kDeviceSpecs | D2: 8 entradas × {nome de produto, nome do bootloader, classe} em 0x46450, passo 0x18: FW 410/FW Bootloader/FW410Device; FW Audiophile/FW Audiophile Bootloader/FWAudiophileDevice; FW 1814/FW 1814 Bootloader; ProjectMix/ProjectMix; FW Solo/FWSolo Bootloader; Ozonic/Ozonic Bootloader; NRV-10/NRV-10 Bootloader; ProFire Lightbridge/ProFire Lightbridge Bootloader. | E2: Sim | F2: Não | G2: otool + Ghidra | H2: Não | I2: bytes da fatia 0x46450–0x46510 lidos via python 2026-10-19; mafw.asm 0x1ce1c (lea kDeviceSpecs); GetActualProductName @0x1ce06 (Ghidra); Info.plist (personalidades com os mesmos nomes) | J2: =IF(TRIM(I2)="",0,LEN(I2)-LEN(SUBSTITUTE(I2,";",""))+1) | K2: Consistente | L2: =ROUND(IF(H2="Sim",MIN(Legenda!$C$12,MIN(10,IF(E2="Sim",Legenda!$C$4,IF(E2="Parcial",Legenda!$C$5,0))+IF(F2="Sim",Legenda!$C$6,IF(F2="Parcial",Legenda!$C$7,0))+IF(G2="otool + Ghidra",Legenda!$C$8,IF(OR(G2="otool",G2="Ghidra",G2="Outro binário"),Legenda!$C$9,0))+MIN(Legenda!$C$11,MAX(0,J2-1)*Legenda!$C$10))),IF(H2="Parcial",MIN(Legenda!$C$13,MIN(10,IF(E2="Sim",Legenda!$C$4,IF(E2="Parcial",Legenda!$C$5,0))+IF(F2="Sim",Legenda!$C$6,IF(F2="Parcial",Legenda!$C$7,0))+IF(G2="otool + Ghidra",Legenda!$C$8,IF(OR(G2="otool",G2="Ghidra",G2="Outro binário"),Legenda!$C$9,0))+MIN(Legenda!$C$11,MAX(0,J2-1)*Legenda!$C$10))),MIN(10,IF(E2="Sim",Legenda!$C$4,IF(E2="Parcial",Legenda!$C$5,0))+IF(F2="Sim",Legenda!$C$6,IF(F2="Parcial",Legenda!$C$7,0))+IF(G2="otool + Ghidra",Legenda!$C$8,IF(OR(G2="otool",G2="Ghidra",G2="Outro binário"),Legenda!$C$9,0))+MIN(Legenda!$C$11,MAX(0,J2-1)*Legenda!$C$10)))),1) | M2: A1-ghidra/Q-AP0-nub-and-rev2.md §1.1 | N2: — | O2: O clone tem a mesma tabela com 1 entrada (FWMetaNub.cpp:42); AP-2.1 a estende para 8. [2026-10-19] R77. | P2: =LEFT(A2,FIND(".",A2&".")-1)
A3: AP-0.1.2 | B3: AP-0.1 | C3: FWMetaNub::probe | D3: Aceita o nó se 'FireWire Vendor Name' = 'M-Audio' ou 'M-AUDIO' e o 'FireWire Product Name' estiver na tabela (nome runtime OU de bootloader); score 0x7FFFFF. Não usa Model_ID. | E3: Parcial | F3: Não | G3: Ghidra | H3: Não | I3: FWMetaNub::probe @0x1ce62 (Ghidra); clone FWMetaNub.cpp:112 (mesma regra) | J3: =IF(TRIM(I3)="",0,LEN(I3)-LEN(SUBSTITUTE(I3,";",""))+1) | K3: Consistente | L3: =ROUND(IF(H3="Sim",MIN(Legenda!$C$12,MIN(10,IF(E3="Sim",Legenda!$C$4,IF(E3="Parcial",Legenda!$C$5,0))+IF(F3="Sim",Legenda!$C$6,IF(F3="Parcial",Legenda!$C$7,0))+IF(G3="otool + Ghidra",Legenda!$C$8,IF(OR(G3="otool",G3="Ghidra",G3="Outro binário"),Legenda!$C$9,0))+MIN(Legenda!$C$11,MAX(0,J3-1)*Legenda!$C$10))),IF(H3="Parcial",MIN(Legenda!$C$13,MIN(10,IF(E3="Sim",Legenda!$C$4,IF(E3="Parcial",Legenda!$C$5,0))+IF(F3="Sim",Legenda!$C$6,IF(F3="Parcial",Legenda!$C$7,0))+IF(G3="otool + Ghidra",Legenda!$C$8,IF(OR(G3="otool",G3="Ghidra",G3="Outro binário"),Legenda!$C$9,0))+MIN(Legenda!$C$11,MAX(0,J3-1)*Legenda!$C$10))),MIN(10,IF(E3="Sim",Legenda!$C$4,IF(E3="Parcial",Legenda!$C$5,0))+IF(F3="Sim",Legenda!$C$6,IF(F3="Parcial",Legenda!$C$7,0))+IF(G3="otool + Ghidra",Legenda!$C$8,IF(OR(G3="otool",G3="Ghidra",G3="Outro binário"),Legenda!$C$9,0))+MIN(Legenda!$C$11,MAX(0,J3-1)*Legenda!$C$10)))),1) | M3: decomp/FWMetaNub__probe.c | N3: AUD-AP-06 | O3: Resolve o item 2 do §8 do audiophile-manual-reference (a parte 'qual Model_ID'). | P3: =LEFT(A3,FIND(".",A3&".")-1)
A4: AP-0.1.3 | B4: AP-0.1 | C4: MAActualProductName | D4: start() publica MAActualProductName = nome runtime (campo 0) mesmo quando o nó é o bootloader ('FW Audiophile Bootloader' → 'FW Audiophile'). O laço de GetActualProductName não para no primeiro acerto (último acerto vence). | E4: Parcial | F4: Não | G4: Ghidra | H4: Não | I4: FWMetaNub::start @0x1cf68; GetActualProductName @0x1ce06 | J4: =IF(TRIM(I4)="",0,LEN(I4)-LEN(SUBSTITUTE(I4,";",""))+1) | K4: Consistente | L4: =ROUND(IF(H4="Sim",MIN(Legenda!$C$12,MIN(10,IF(E4="Sim",Legenda!$C$4,IF(E4="Parcial",Legenda!$C$5,0))+IF(F4="Sim",Legenda!$C$6,IF(F4="Parcial",Legenda!$C$7,0))+IF(G4="otool + Ghidra",Legenda!$C$8,IF(OR(G4="otool",G4="Ghidra",G4="Outro binário"),Legenda!$C$9,0))+MIN(Legenda!$C$11,MAX(0,J4-1)*Legenda!$C$10))),IF(H4="Parcial",MIN(Legenda!$C$13,MIN(10,IF(E4="Sim",Legenda!$C$4,IF(E4="Parcial",Legenda!$C$5,0))+IF(F4="Sim",Legenda!$C$6,IF(F4="Parcial",Legenda!$C$7,0))+IF(G4="otool + Ghidra",Legenda!$C$8,IF(OR(G4="otool",G4="Ghidra",G4="Outro binário"),Legenda!$C$9,0))+MIN(Legenda!$C$11,MAX(0,J4-1)*Legenda!$C$10))),MIN(10,IF(E4="Sim",Legenda!$C$4,IF(E4="Parcial",Legenda!$C$5,0))+IF(F4="Sim",Legenda!$C$6,IF(F4="Parcial",Legenda!$C$7,0))+IF(G4="otool + Ghidra",Legenda!$C$8,IF(OR(G4="otool",G4="Ghidra",G4="Outro binário"),Legenda!$C$9,0))+MIN(Legenda!$C$11,MAX(0,J4-1)*Legenda!$C$10)))),1) | M4: decomp/FWMetaNub__start.c | N4: — | O4: O helper usa este nome para escolher o .bcd (A4-H10). | P4: =LEFT(A4,FIND(".",A4&".")-1)
A5: AP-0.1.4 | B5: AP-0.1 | C5: Casamento da classe de dispositivo | D5: A personalidade de cada classe (IOProviderClass = com_m_audio_FWMetaNub) casa pela propriedade 'FireWire Product Name' copiada para o nub; só o NRV-10 exige também Model_ID 65665. Audiophile: 'FW Audiophile'. | E5: Sim | F5: Sim | G5: Outro binário | H5: Não | I5: Info.plist do kext (plutil 2026-10-19); captura 89 (FWAudiophileDevice sob FWMetaNub no SL v1.9); FWMetaNub::start copia Product/Vendor Name, Vendor_ID, Model_ID, GUID | J5: =IF(TRIM(I5)="",0,LEN(I5)-LEN(SUBSTITUTE(I5,";",""))+1) | K5: Corrigido 2026-10-19 | L5: =ROUND(IF(H5="Sim",MIN(Legenda!$C$12,MIN(10,IF(E5="Sim",Legenda!$C$4,IF(E5="Parcial",Legenda!$C$5,0))+IF(F5="Sim",Legenda!$C$6,IF(F5="Parcial",Legenda!$C$7,0))+IF(G5="otool + Ghidra",Legenda!$C$8,IF(OR(G5="otool",G5="Ghidra",G5="Outro binário"),Legenda!$C$9,0))+MIN(Legenda!$C$11,MAX(0,J5-1)*Legenda!$C$10))),IF(H5="Parcial",MIN(Legenda!$C$13,MIN(10,IF(E5="Sim",Legenda!$C$4,IF(E5="Parcial",Legenda!$C$5,0))+IF(F5="Sim",Legenda!$C$6,IF(F5="Parcial",Legenda!$C$7,0))+IF(G5="otool + Ghidra",Legenda!$C$8,IF(OR(G5="otool",G5="Ghidra",G5="Outro binário"),Legenda!$C$9,0))+MIN(Legenda!$C$11,MAX(0,J5-1)*Legenda!$C$10))),MIN(10,IF(E5="Sim",Legenda!$C$4,IF(E5="Parcial",Legenda!$C$5,0))+IF(F5="Sim",Legenda!$C$6,IF(F5="Parcial",Legenda!$C$7,0))+IF(G5="otool + Ghidra",Legenda!$C$8,IF(OR(G5="otool",G5="Ghidra",G5="Outro binário"),Legenda!$C$9,0))+MIN(Legenda!$C$11,MAX(0,J5-1)*Legenda!$C$10)))),1) | M5: _extracted/kext/…/Info.plist; captures/89-sl-audiophile-ioreg-device-subtree.txt | N5: AUD-AP-06 | O5: audiophile-manual-reference §1 diz 'by class alone' — corrigir. [2026-10-19] Correction block no audiophile-manual-reference (R77). | P5: =LEFT(A5,FIND(".",A5&".")-1)
A6: AP-0.1.5 | B6: AP-0.1 | C6: FWAVCAudioDevice::probe | D6: Exige provedor FWMetaNub, mesmo Product Name, Model_ID igual se ambos existirem, nub [+0xf0]==0 (não está no bootloader) e [+0xf3]!=0 (FirmwareStart já registrou). | E6: Parcial | F6: Não | G6: Ghidra | H6: Não | I6: FWAVCAudioDevice::probe (Ghidra 2026-10-19); Q7 tabela de campos; clone FWAudioDeviceChain.cpp:38 | J6: =IF(TRIM(I6)="",0,LEN(I6)-LEN(SUBSTITUTE(I6,";",""))+1) | K6: Consistente | L6: =ROUND(IF(H6="Sim",MIN(Legenda!$C$12,MIN(10,IF(E6="Sim",Legenda!$C$4,IF(E6="Parcial",Legenda!$C$5,0))+IF(F6="Sim",Legenda!$C$6,IF(F6="Parcial",Legenda!$C$7,0))+IF(G6="otool + Ghidra",Legenda!$C$8,IF(OR(G6="otool",G6="Ghidra",G6="Outro binário"),Legenda!$C$9,0))+MIN(Legenda!$C$11,MAX(0,J6-1)*Legenda!$C$10))),IF(H6="Parcial",MIN(Legenda!$C$13,MIN(10,IF(E6="Sim",Legenda!$C$4,IF(E6="Parcial",Legenda!$C$5,0))+IF(F6="Sim",Legenda!$C$6,IF(F6="Parcial",Legenda!$C$7,0))+IF(G6="otool + Ghidra",Legenda!$C$8,IF(OR(G6="otool",G6="Ghidra",G6="Outro binário"),Legenda!$C$9,0))+MIN(Legenda!$C$11,MAX(0,J6-1)*Legenda!$C$10))),MIN(10,IF(E6="Sim",Legenda!$C$4,IF(E6="Parcial",Legenda!$C$5,0))+IF(F6="Sim",Legenda!$C$6,IF(F6="Parcial",Legenda!$C$7,0))+IF(G6="otool + Ghidra",Legenda!$C$8,IF(OR(G6="otool",G6="Ghidra",G6="Outro binário"),Legenda!$C$9,0))+MIN(Legenda!$C$11,MAX(0,J6-1)*Legenda!$C$10)))),1) | M6: decomp/FWAVCAudioDevice__probe.c; A1-ghidra/Q7-fwmetanub-lifecycle.md | N6: — | O6: Já espelhado no clone; vale para todos os modelos. | P6: =LEFT(A6,FIND(".",A6&".")-1)
A7: AP-0.1.6 | B7: AP-0.1 | C7: Model_ID do Audiophile | D7: Runtime 0x00010060 (65632). Bootloader: mesmo Model_ID, distinguido só pelo texto da unidade 'FW Audiophile Bootloader' (fonte de terceiros; o bootloader nunca foi observado). | E7: Sim | F7: Parcial | G7: Outro binário | H7: Parcial | I7: FWAP.bcd apêndice ModelID; captura 89b (Model_ID 65632 no SL); snd-bebob bebob.c:150-157; ffado normal_avdevice.cpp:39 | J7: =IF(TRIM(I7)="",0,LEN(I7)-LEN(SUBSTITUTE(I7,";",""))+1) | K7: Aberto / não resolvido | L7: =ROUND(IF(H7="Sim",MIN(Legenda!$C$12,MIN(10,IF(E7="Sim",Legenda!$C$4,IF(E7="Parcial",Legenda!$C$5,0))+IF(F7="Sim",Legenda!$C$6,IF(F7="Parcial",Legenda!$C$7,0))+IF(G7="otool + Ghidra",Legenda!$C$8,IF(OR(G7="otool",G7="Ghidra",G7="Outro binário"),Legenda!$C$9,0))+MIN(Legenda!$C$11,MAX(0,J7-1)*Legenda!$C$10))),IF(H7="Parcial",MIN(Legenda!$C$13,MIN(10,IF(E7="Sim",Legenda!$C$4,IF(E7="Parcial",Legenda!$C$5,0))+IF(F7="Sim",Legenda!$C$6,IF(F7="Parcial",Legenda!$C$7,0))+IF(G7="otool + Ghidra",Legenda!$C$8,IF(OR(G7="otool",G7="Ghidra",G7="Outro binário"),Legenda!$C$9,0))+MIN(Legenda!$C$11,MAX(0,J7-1)*Legenda!$C$10))),MIN(10,IF(E7="Sim",Legenda!$C$4,IF(E7="Parcial",Legenda!$C$5,0))+IF(F7="Sim",Legenda!$C$6,IF(F7="Parcial",Legenda!$C$7,0))+IF(G7="otool + Ghidra",Legenda!$C$8,IF(OR(G7="otool",G7="Ghidra",G7="Outro binário"),Legenda!$C$9,0))+MIN(Legenda!$C$11,MAX(0,J7-1)*Legenda!$C$10)))),1) | M7: audiophile-manual-reference.md §1 | N7: — | O7: Fecha no AP-7.1 (power-cycle, ver o nó de bootloader). | P7: =LEFT(A7,FIND(".",A7&".")-1)
A8: AP-0.2.1 | B8: AP-0.2 | C8: Hierarquia Rev1/Rev2 | D8: Audiophile, FW410, Ozonic, Solo, NRV10, Lightbridge derivam de FWRev2AudioDevice; FW1814 (e ProjectMix via 1814) de FWRev1AudioDevice; ambos de m_audio_b_FWAVCAudioDevice. | E8: Sim | F8: Não | G8: otool + Ghidra | H8: Não | I8: construtores de metaclasse (Q16 Correction 2026-10-14); ctor Rev2 0x13574; ctor FWAudiophileDevice 0xbe6c | J8: =IF(TRIM(I8)="",0,LEN(I8)-LEN(SUBSTITUTE(I8,";",""))+1) | K8: Corrigido 2026-10-19 | L8: =ROUND(IF(H8="Sim",MIN(Legenda!$C$12,MIN(10,IF(E8="Sim",Legenda!$C$4,IF(E8="Parcial",Legenda!$C$5,0))+IF(F8="Sim",Legenda!$C$6,IF(F8="Parcial",Legenda!$C$7,0))+IF(G8="otool + Ghidra",Legenda!$C$8,IF(OR(G8="otool",G8="Ghidra",G8="Outro binário"),Legenda!$C$9,0))+MIN(Legenda!$C$11,MAX(0,J8-1)*Legenda!$C$10))),IF(H8="Parcial",MIN(Legenda!$C$13,MIN(10,IF(E8="Sim",Legenda!$C$4,IF(E8="Parcial",Legenda!$C$5,0))+IF(F8="Sim",Legenda!$C$6,IF(F8="Parcial",Legenda!$C$7,0))+IF(G8="otool + Ghidra",Legenda!$C$8,IF(OR(G8="otool",G8="Ghidra",G8="Outro binário"),Legenda!$C$9,0))+MIN(Legenda!$C$11,MAX(0,J8-1)*Legenda!$C$10))),MIN(10,IF(E8="Sim",Legenda!$C$4,IF(E8="Parcial",Legenda!$C$5,0))+IF(F8="Sim",Legenda!$C$6,IF(F8="Parcial",Legenda!$C$7,0))+IF(G8="otool + Ghidra",Legenda!$C$8,IF(OR(G8="otool",G8="Ghidra",G8="Outro binário"),Legenda!$C$9,0))+MIN(Legenda!$C$11,MAX(0,J8-1)*Legenda!$C$10)))),1) | M8: A1-ghidra/Q16-rev1-rev2-deltas.md (Correction 2026-10-14) | N8: AUD-AP-04 | O8: A Correction do topo do Q16 já traz a tabela certa; a linha 80 ainda diz 'Solo = Rev1'. [2026-10-19] Correction no Q16 (R77). | P8: =LEFT(A8,FIND(".",A8&".")-1)
A9: AP-0.2.2 | B9: AP-0.2 | C9: Rev2 AllocateAudioEngine | D9: Rev2 cria um com_m_audio_FWEngine2 (Rev1 devolve 0: a subclasse aloca). | E9: Parcial | F9: Sim | G9: Ghidra | H9: Não | I9: FWRev2AudioDevice::AllocateAudioEngine @0xb66a; FWRev1 @0x136aa; captura 89 (um FWEngine2 'FireWire Audiophile Multichannel') | J9: =IF(TRIM(I9)="",0,LEN(I9)-LEN(SUBSTITUTE(I9,";",""))+1) | K9: Consistente | L9: =ROUND(IF(H9="Sim",MIN(Legenda!$C$12,MIN(10,IF(E9="Sim",Legenda!$C$4,IF(E9="Parcial",Legenda!$C$5,0))+IF(F9="Sim",Legenda!$C$6,IF(F9="Parcial",Legenda!$C$7,0))+IF(G9="otool + Ghidra",Legenda!$C$8,IF(OR(G9="otool",G9="Ghidra",G9="Outro binário"),Legenda!$C$9,0))+MIN(Legenda!$C$11,MAX(0,J9-1)*Legenda!$C$10))),IF(H9="Parcial",MIN(Legenda!$C$13,MIN(10,IF(E9="Sim",Legenda!$C$4,IF(E9="Parcial",Legenda!$C$5,0))+IF(F9="Sim",Legenda!$C$6,IF(F9="Parcial",Legenda!$C$7,0))+IF(G9="otool + Ghidra",Legenda!$C$8,IF(OR(G9="otool",G9="Ghidra",G9="Outro binário"),Legenda!$C$9,0))+MIN(Legenda!$C$11,MAX(0,J9-1)*Legenda!$C$10))),MIN(10,IF(E9="Sim",Legenda!$C$4,IF(E9="Parcial",Legenda!$C$5,0))+IF(F9="Sim",Legenda!$C$6,IF(F9="Parcial",Legenda!$C$7,0))+IF(G9="otool + Ghidra",Legenda!$C$8,IF(OR(G9="otool",G9="Ghidra",G9="Outro binário"),Legenda!$C$9,0))+MIN(Legenda!$C$11,MAX(0,J9-1)*Legenda!$C$10)))),1) | M9: decomp/FWRev2AudioDevice__AllocateAudioEngine.c | N9: — | O9: O clone já tem FWEngine2. | P9: =LEFT(A9,FIND(".",A9&".")-1)
A10: AP-0.2.3 | B10: AP-0.2 | C10: Rev2 AVCControlPlugSignalFormat (0x2F) | D10: EXTENDED STREAM FORMAT: STATUS '01 FF 2F C1 <dir> 00 00 <plug> FF FF <idx>' percorrendo a lista até a resposta[13] = código de taxa; depois CONTROL '00 FF 2F C0 … 90 40 <taxa> …' copiando o bloco de formato da resposta (n×2+1 bytes a partir de resposta[15]). | E10: Sim | F10: Não | G10: otool + Ghidra | H10: Não | I10: asm 0x12e7e-0x1305a; Ghidra; FFADO avc_extended_stream_format.h:35-41,108-109 e .cpp:159-177,340-351; FFADO avc_extended_cmd_generic.cpp:42-48; vtable Audiophile slot 0xb50 | J10: =IF(TRIM(I10)="",0,LEN(I10)-LEN(SUBSTITUTE(I10,";",""))+1) | K10: Consistente | L10: =ROUND(IF(H10="Sim",MIN(Legenda!$C$12,MIN(10,IF(E10="Sim",Legenda!$C$4,IF(E10="Parcial",Legenda!$C$5,0))+IF(F10="Sim",Legenda!$C$6,IF(F10="Parcial",Legenda!$C$7,0))+IF(G10="otool + Ghidra",Legenda!$C$8,IF(OR(G10="otool",G10="Ghidra",G10="Outro binário"),Legenda!$C$9,0))+MIN(Legenda!$C$11,MAX(0,J10-1)*Legenda!$C$10))),IF(H10="Parcial",MIN(Legenda!$C$13,MIN(10,IF(E10="Sim",Legenda!$C$4,IF(E10="Parcial",Legenda!$C$5,0))+IF(F10="Sim",Legenda!$C$6,IF(F10="Parcial",Legenda!$C$7,0))+IF(G10="otool + Ghidra",Legenda!$C$8,IF(OR(G10="otool",G10="Ghidra",G10="Outro binário"),Legenda!$C$9,0))+MIN(Legenda!$C$11,MAX(0,J10-1)*Legenda!$C$10))),MIN(10,IF(E10="Sim",Legenda!$C$4,IF(E10="Parcial",Legenda!$C$5,0))+IF(F10="Sim",Legenda!$C$6,IF(F10="Parcial",Legenda!$C$7,0))+IF(G10="otool + Ghidra",Legenda!$C$8,IF(OR(G10="otool",G10="Ghidra",G10="Outro binário"),Legenda!$C$9,0))+MIN(Legenda!$C$11,MAX(0,J10-1)*Legenda!$C$10)))),1) | M10: A1-ghidra/Q-AP0-nub-and-rev2.md §2.1 | N10: — | O10: Layout dos bytes 10–15 e o comprimento exato precisam do asm 0x12e7e–0x13078 (o decompile mistura pilha). [2026-10-19] Layout fechado no asm e igual ao FFADO. Quadro C1 enviado com 14 bytes (3 sem inicializar). Direção do kext 0 = plug AV/C de saída. | P10: =LEFT(A10,FIND(".",A10&".")-1)
A11: AP-0.2.4 | B11: AP-0.2 | C11: Códigos de taxa do 0x2F | D11: FDF0→0x02, FDF1 e default→0x03, FDF2→0x04, FDF3→0x0A, FDF4→0x05, FDF5→0x06, FDF6→0x07 (32/44.1/48/88.2/96/176.4/192). | E11: Sim | F11: Não | G11: otool + Ghidra | H11: Não | I11: asm 0x12e8f-0x12ecf; Ghidra switch; FFADO avc_definitions.h:115-125 (ESamplingFrequency) | J11: =IF(TRIM(I11)="",0,LEN(I11)-LEN(SUBSTITUTE(I11,";",""))+1) | K11: Consistente | L11: =ROUND(IF(H11="Sim",MIN(Legenda!$C$12,MIN(10,IF(E11="Sim",Legenda!$C$4,IF(E11="Parcial",Legenda!$C$5,0))+IF(F11="Sim",Legenda!$C$6,IF(F11="Parcial",Legenda!$C$7,0))+IF(G11="otool + Ghidra",Legenda!$C$8,IF(OR(G11="otool",G11="Ghidra",G11="Outro binário"),Legenda!$C$9,0))+MIN(Legenda!$C$11,MAX(0,J11-1)*Legenda!$C$10))),IF(H11="Parcial",MIN(Legenda!$C$13,MIN(10,IF(E11="Sim",Legenda!$C$4,IF(E11="Parcial",Legenda!$C$5,0))+IF(F11="Sim",Legenda!$C$6,IF(F11="Parcial",Legenda!$C$7,0))+IF(G11="otool + Ghidra",Legenda!$C$8,IF(OR(G11="otool",G11="Ghidra",G11="Outro binário"),Legenda!$C$9,0))+MIN(Legenda!$C$11,MAX(0,J11-1)*Legenda!$C$10))),MIN(10,IF(E11="Sim",Legenda!$C$4,IF(E11="Parcial",Legenda!$C$5,0))+IF(F11="Sim",Legenda!$C$6,IF(F11="Parcial",Legenda!$C$7,0))+IF(G11="otool + Ghidra",Legenda!$C$8,IF(OR(G11="otool",G11="Ghidra",G11="Outro binário"),Legenda!$C$9,0))+MIN(Legenda!$C$11,MAX(0,J11-1)*Legenda!$C$10)))),1) | M11: A1-ghidra/Q-AP0-nub-and-rev2.md §2.1 | N11: — | O11: Conferir no asm junto com AP-0.2.3. [2026-10-19] Códigos = ESamplingFrequency do FFADO. | P11: =LEFT(A11,FIND(".",A11&".")-1)
A12: AP-0.2.5 | B12: AP-0.2 | C12: AVCSetupSyncStream (0x1A) | D12: 1) STATUS '01 FF 1A 0F FF FE 60 <p>'; 2) vt[0xbc0] = GetAddressAndPlugForSyncType preenche os bytes 4/5 (origem); 3) CONTROL '00 FF 1A 0F <addr> <plug> 60 <p>'. 0x1A = SIGNAL SOURCE (destino = subunidade música 0x60, plug p). | E12: Sim | F12: Não | G12: otool + Ghidra | H12: Não | I12: asm 0x12c60-0x12e1d; Ghidra; vtable Audiophile slot 0xbc0 = GetAddressAndPlugForSyncType; FFADO avc_signal_source.cpp:33 | J12: =IF(TRIM(I12)="",0,LEN(I12)-LEN(SUBSTITUTE(I12,";",""))+1) | K12: Corrigido 2026-10-19 | L12: =ROUND(IF(H12="Sim",MIN(Legenda!$C$12,MIN(10,IF(E12="Sim",Legenda!$C$4,IF(E12="Parcial",Legenda!$C$5,0))+IF(F12="Sim",Legenda!$C$6,IF(F12="Parcial",Legenda!$C$7,0))+IF(G12="otool + Ghidra",Legenda!$C$8,IF(OR(G12="otool",G12="Ghidra",G12="Outro binário"),Legenda!$C$9,0))+MIN(Legenda!$C$11,MAX(0,J12-1)*Legenda!$C$10))),IF(H12="Parcial",MIN(Legenda!$C$13,MIN(10,IF(E12="Sim",Legenda!$C$4,IF(E12="Parcial",Legenda!$C$5,0))+IF(F12="Sim",Legenda!$C$6,IF(F12="Parcial",Legenda!$C$7,0))+IF(G12="otool + Ghidra",Legenda!$C$8,IF(OR(G12="otool",G12="Ghidra",G12="Outro binário"),Legenda!$C$9,0))+MIN(Legenda!$C$11,MAX(0,J12-1)*Legenda!$C$10))),MIN(10,IF(E12="Sim",Legenda!$C$4,IF(E12="Parcial",Legenda!$C$5,0))+IF(F12="Sim",Legenda!$C$6,IF(F12="Parcial",Legenda!$C$7,0))+IF(G12="otool + Ghidra",Legenda!$C$8,IF(OR(G12="otool",G12="Ghidra",G12="Outro binário"),Legenda!$C$9,0))+MIN(Legenda!$C$11,MAX(0,J12-1)*Legenda!$C$10)))),1) | M12: A1-ghidra/Q-AP0-nub-and-rev2.md §2.2 | N12: AUD-AP-01 | O12: Q16:73-74 rotula o 1º quadro como CONTROL e o 2º como GET-STATUS: é o contrário (ctype 0x01 = STATUS, 0x00 = CONTROL). [2026-10-19] Correction no Q16. Peculiaridade: se vt[0xbc0] falha a função devolve 0 sem enviar o CONTROL. | P12: =LEFT(A12,FIND(".",A12&".")-1)
A13: AP-0.2.6 | B13: AP-0.2 | C13: GetAddressAndPlugForSyncType | D13: tipo 0 → 60/(p==1 ? 1 : p+1) (subunidade música); 1 → FF/81; 2 → FF/00; 3 → FF/83; 4 → FF/82 (plugs externos da unidade). Os nomes dos tipos não estão no binário. | E13: Parcial | F13: Não | G13: Ghidra | H13: Não | I13: FWRev2AudioDevice::GetAddressAndPlugForSyncType @0x12ae8 (Ghidra); ctl-services normal.rs:483-495 (Audiophile: interno = música plug 1, S/PDIF = Ext 0x02 → 0x82) | J13: =IF(TRIM(I13)="",0,LEN(I13)-LEN(SUBSTITUTE(I13,";",""))+1) | K13: Corrigido 2026-10-19 | L13: =ROUND(IF(H13="Sim",MIN(Legenda!$C$12,MIN(10,IF(E13="Sim",Legenda!$C$4,IF(E13="Parcial",Legenda!$C$5,0))+IF(F13="Sim",Legenda!$C$6,IF(F13="Parcial",Legenda!$C$7,0))+IF(G13="otool + Ghidra",Legenda!$C$8,IF(OR(G13="otool",G13="Ghidra",G13="Outro binário"),Legenda!$C$9,0))+MIN(Legenda!$C$11,MAX(0,J13-1)*Legenda!$C$10))),IF(H13="Parcial",MIN(Legenda!$C$13,MIN(10,IF(E13="Sim",Legenda!$C$4,IF(E13="Parcial",Legenda!$C$5,0))+IF(F13="Sim",Legenda!$C$6,IF(F13="Parcial",Legenda!$C$7,0))+IF(G13="otool + Ghidra",Legenda!$C$8,IF(OR(G13="otool",G13="Ghidra",G13="Outro binário"),Legenda!$C$9,0))+MIN(Legenda!$C$11,MAX(0,J13-1)*Legenda!$C$10))),MIN(10,IF(E13="Sim",Legenda!$C$4,IF(E13="Parcial",Legenda!$C$5,0))+IF(F13="Sim",Legenda!$C$6,IF(F13="Parcial",Legenda!$C$7,0))+IF(G13="otool + Ghidra",Legenda!$C$8,IF(OR(G13="otool",G13="Ghidra",G13="Outro binário"),Legenda!$C$9,0))+MIN(Legenda!$C$11,MAX(0,J13-1)*Legenda!$C$10)))),1) | M13: A1-ghidra/Q-AP0-nub-and-rev2.md §2.2 | N13: AUD-AP-02 | O13: Q16:44 dá nomes (S/PDIF=0x81, Aux=0x82) sem fonte; no Audiophile o S/PDIF é o tipo 4 (0x82). [2026-10-19] Correction no Q16. | P13: =LEFT(A13,FIND(".",A13&".")-1)
... A18: AP-0.2.11 | B18: AP-0.2 | C18: Pacotes de controle (HSCI) no Rev2 | D18: StartReceptionOfControlPackets: new FWHSCI em [+0x2c8], tamanho = vt[0xba0] (GetControlPacketSize), functor de retorno com tag 0xBB9, Start(workloop). Stop/Pause chamam HSCI e ClearPeakMeters; Resume só HSCI; stop() libera HSCI e a unidade AV/C. | E18: Parcial | F18: Não | G18: Ghidra | H18: Não | I18: FWRev2AudioDevice::{Start,Stop,Pause,Resume}ReceptionOfControlPackets, stop (Ghidra 2026-10-19); Q16 | J18: =IF(TRIM(I18)="",0,LEN(I18)-LEN(SUBSTITUTE(I18,";",""))+1) | K18: Consistente | L18: =ROUND(IF(H18="Sim",MIN(Legenda!$C$12,MIN(10,IF(E18="Sim",Legenda!$C$4,IF(E18="Parcial",Legenda!$C$5,0))+IF(F18="Sim",Legenda!$C$6,IF(F18="Parcial",Legenda!$C$7,0))+IF(G18="otool + Ghidra",Legenda!$C$8,IF(OR(G18="otool",G18="Ghidra",G18="Outro binário"),Legenda!$C$9,0))+MIN(Legenda!$C$11,MAX(0,J18-1)*Legenda!$C$10))),IF(H18="Parcial",MIN(Legenda!$C$13,MIN(10,IF(E18="Sim",Legenda!$C$4,IF(E18="Parcial",Legenda!$C$5,0))+IF(F18="Sim",Legenda!$C$6,IF(F18="Parcial",Legenda!$C$7,0))+IF(G18="otool + Ghidra",Legenda!$C$8,IF(OR(G18="otool",G18="Ghidra",G18="Outro binário"),Legenda!$C$9,0))+MIN(Legenda!$C$11,MAX(0,J18-1)*Legenda!$C$10))),MIN(10,IF(E18="Sim",Legenda!$C$4,IF(E18="Parcial",Legenda!$C$5,0))+IF(F18="Sim",Legenda!$C$6,IF(F18="Parcial",Legenda!$C$7,0))+IF(G18="otool + Ghidra",Legenda!$C$8,IF(OR(G18="otool",G18="Ghidra",G18="Outro binário"),Legenda!$C$9,0))+MIN(Legenda!$C$11,MAX(0,J18-1)*Legenda!$C$10)))),1) | M18: A1-ghidra/Q-AP0-nub-and-rev2.md §2.5 | N18: — | O18: O clone tem o equivalente aberto no FW1814Device: mover para a base Rev2 no AP-2.3. | P18: =LEFT(A18,FIND(".",A18&".")-1)
A19: AP-0.2.12 | B19: AP-0.2 | C19: Métodos vazios do Rev2 | D19: ReadHSCIData e StartExternalSyncUnmuteTimer são corpos vazios na base Rev2; initHardware só repassa ao pai. O Audiophile sobrescreve ReadHSCIData. | E19: Parcial | F19: Não | G19: Ghidra | H19: Não | I19: FWRev2AudioDevice::ReadHSCIData @0x12b6e, StartExternalSyncUnmuteTimer @0x12aa8, initHardware @0x12a3e (Ghidra) | J19: =IF(TRIM(I19)="",0,LEN(I19)-LEN(SUBSTITUTE(I19,";",""))+1) | K19: Consistente | L19: =ROUND(IF(H19="Sim",MIN(Legenda!$C$12,MIN(10,IF(E19="Sim",Legenda!$C$4,IF(E19="Parcial",Legenda!$C$5,0))+IF(F19="Sim",Legenda!$C$6,IF(F19="Parcial",Legenda!$C$7,0))+IF(G19="otool + Ghidra",Legenda!$C$8,IF(OR(G19="otool",G19="Ghidra",G19="Outro binário"),Legenda!$C$9,0))+MIN(Legenda!$C$11,MAX(0,J19-1)*Legenda!$C$10))),IF(H19="Parcial",MIN(Legenda!$C$13,MIN(10,IF(E19="Sim",Legenda!$C$4,IF(E19="Parcial",Legenda!$C$5,0))+IF(F19="Sim",Legenda!$C$6,IF(F19="Parcial",Legenda!$C$7,0))+IF(G19="otool + Ghidra",Legenda!$C$8,IF(OR(G19="otool",G19="Ghidra",G19="Outro binário"),Legenda!$C$9,0))+MIN(Legenda!$C$11,MAX(0,J19-1)*Legenda!$C$10))),MIN(10,IF(E19="Sim",Legenda!$C$4,IF(E19="Parcial",Legenda!$C$5,0))+IF(F19="Sim",Legenda!$C$6,IF(F19="Parcial",Legenda!$C$7,0))+IF(G19="otool + Ghidra",Legenda!$C$8,IF(OR(G19="otool",G19="Ghidra",G19="Outro binário"),Legenda!$C$9,0))+MIN(Legenda!$C$11,MAX(0,J19-1)*Legenda!$C$10)))),1) | M19: A1-ghidra/Q-AP0-nub-and-rev2.md §2.5 | N19: — | P19: =LEFT(A19,FIND(".",A19&".")-1)
A20: AP-0.3.1 | B20: AP-0.3 | C20: Bytes AV/C do mixer (function blocks) | D20: Quatro quadros AV/C (CONTROL, subunidade 0x08, opcode 0xB8, atributo 0x10, fila assíncrona vt[0x8b0], resposta ignorada): feature 00 08 B8 81 fb 10 02 ch sel 02 v16 (sel 2 volume, 3 balanço; v16 = valor<<7, valor em ½ dB, balanço negado); seletor 00 08 B8 80 fb 10 02 in 01 00 00 00; mixer 00 08 B8 82 fb 10 04 plug inCh outCh 03 02 {00|80} 00 00 00; par = dois singles (2n−1, 2n). | E20: Sim | F20: Não | G20: otool + Ghidra | H20: Não | I20: Ghidra FWAVCAudioDevice::AVC* (2026-10-19); ctl-services normal.rs ~474-622; clone FWAvc.cpp:185-210 (mesmos bytes); asm das funções via FWAvc já verificado no 1814 (Q-ME) | J20: =IF(TRIM(I20)="",0,LEN(I20)-LEN(SUBSTITUTE(I20,";",""))+1) | K20: Consistente | L20: =ROUND(IF(H20="Sim",MIN(Legenda!$C$12,MIN(10,IF(E20="Sim",Legenda!$C$4,IF(E20="Parcial",Legenda!$C$5,0))+IF(F20="Sim",Legenda!$C$6,IF(F20="Parcial",Legenda!$C$7,0))+IF(G20="otool + Ghidra",Legenda!$C$8,IF(OR(G20="otool",G20="Ghidra",G20="Outro binário"),Legenda!$C$9,0))+MIN(Legenda!$C$11,MAX(0,J20-1)*Legenda!$C$10))),IF(H20="Parcial",MIN(Legenda!$C$13,MIN(10,IF(E20="Sim",Legenda!$C$4,IF(E20="Parcial",Legenda!$C$5,0))+IF(F20="Sim",Legenda!$C$6,IF(F20="Parcial",Legenda!$C$7,0))+IF(G20="otool + Ghidra",Legenda!$C$8,IF(OR(G20="otool",G20="Ghidra",G20="Outro binário"),Legenda!$C$9,0))+MIN(Legenda!$C$11,MAX(0,J20-1)*Legenda!$C$10))),MIN(10,IF(E20="Sim",Legenda!$C$4,IF(E20="Parcial",Legenda!$C$5,0))+IF(F20="Sim",Legenda!$C$6,IF(F20="Parcial",Legenda!$C$7,0))+IF(G20="otool + Ghidra",Legenda!$C$8,IF(OR(G20="otool",G20="Ghidra",G20="Outro binário"),Legenda!$C$9,0))+MIN(Legenda!$C$11,MAX(0,J20-1)*Legenda!$C$10)))),1) | M20: A1-ghidra/Q-AP0-avc-mixer.md §1 | N20: — | O20: Próximo passo do AP-0.3; o rig SL não captura FCP (B5 §12). [2026-10-19] Fechado (R79). Os construtores já existem no clone 1814, byte a byte. | P20: =LEFT(A20,FIND(".",A20&".")-1)
A21: AP-0.3.2 | B21: AP-0.3 | C21: Enum de MapChannelAndFunctionBlock | D21: Mapa kind → function block: 0 fontes aux (tabela 0x2f750: 9/0A/6/7/8), 1 fones 0F, 2 saídas 0C/0D/0E, 3 retornos SW 1/2/3, 4 não suportado, 5 seletor de saída = par, 6 entradas 4/5, 7 aux out 0B, 8 seletor de fones 4, 9 erro. | E21: Sim | F21: Não | G21: otool + Ghidra | H21: Não | I21: Ghidra MapChannelAndFunctionBlock @0xb0e2; bytes 0x2f750; ctl-services normal.rs (PhysInput 04/05, PhysOutput 0C-0E + seletores 1-3, AuxSource, AuxOutput 0B, Headphone 0F + seletor 4) | J21: =IF(TRIM(I21)="",0,LEN(I21)-LEN(SUBSTITUTE(I21,";",""))+1) | K21: Consistente | L21: =ROUND(IF(H21="Sim",MIN(Legenda!$C$12,MIN(10,IF(E21="Sim",Legenda!$C$4,IF(E21="Parcial",Legenda!$C$5,0))+IF(F21="Sim",Legenda!$C$6,IF(F21="Parcial",Legenda!$C$7,0))+IF(G21="otool + Ghidra",Legenda!$C$8,IF(OR(G21="otool",G21="Ghidra",G21="Outro binário"),Legenda!$C$9,0))+MIN(Legenda!$C$11,MAX(0,J21-1)*Legenda!$C$10))),IF(H21="Parcial",MIN(Legenda!$C$13,MIN(10,IF(E21="Sim",Legenda!$C$4,IF(E21="Parcial",Legenda!$C$5,0))+IF(F21="Sim",Legenda!$C$6,IF(F21="Parcial",Legenda!$C$7,0))+IF(G21="otool + Ghidra",Legenda!$C$8,IF(OR(G21="otool",G21="Ghidra",G21="Outro binário"),Legenda!$C$9,0))+MIN(Legenda!$C$11,MAX(0,J21-1)*Legenda!$C$10))),MIN(10,IF(E21="Sim",Legenda!$C$4,IF(E21="Parcial",Legenda!$C$5,0))+IF(F21="Sim",Legenda!$C$6,IF(F21="Parcial",Legenda!$C$7,0))+IF(G21="otool + Ghidra",Legenda!$C$8,IF(OR(G21="otool",G21="Ghidra",G21="Outro binário"),Legenda!$C$9,0))+MIN(Legenda!$C$11,MAX(0,J21-1)*Legenda!$C$10)))),1) | M21: A1-ghidra/Q-AP0-avc-mixer.md §2 | N21: — | O21: [2026-10-19] Fechado (R79); resolve o item 5 do §8 do reference (linha aux 5/6 = fb 0x08). | P21: =LEFT(A21,FIND(".",A21&".")-1)
A22: AP-0.4.1 | B22: AP-0.4 | C22: Pacote de status de 60 bytes | D22: GetControlPacketSize = 0x3C; NeedsControlPacketsForReadingHardwareControls = 1 (o Audiophile lê os controles do painel frontal pelos pacotes de controle). | E22: Parcial | F22: Não | G22: Ghidra | H22: Não | I22: FWAudiophileDevice::GetControlPacketSize @0xaf7e; NeedsControlPackets… @0xaa20 (Ghidra); snd-bebob bebob_maudio.c:58 METER_SIZE_AUDIOPHILE 60 | J22: =IF(TRIM(I22)="",0,LEN(I22)-LEN(SUBSTITUTE(I22,";",""))+1) | K22: Consistente | L22: =ROUND(IF(H22="Sim",MIN(Legenda!$C$12,MIN(10,IF(E22="Sim",Legenda!$C$4,IF(E22="Parcial",Legenda!$C$5,0))+IF(F22="Sim",Legenda!$C$6,IF(F22="Parcial",Legenda!$C$7,0))+IF(G22="otool + Ghidra",Legenda!$C$8,IF(OR(G22="otool",G22="Ghidra",G22="Outro binário"),Legenda!$C$9,0))+MIN(Legenda!$C$11,MAX(0,J22-1)*Legenda!$C$10))),IF(H22="Parcial",MIN(Legenda!$C$13,MIN(10,IF(E22="Sim",Legenda!$C$4,IF(E22="Parcial",Legenda!$C$5,0))+IF(F22="Sim",Legenda!$C$6,IF(F22="Parcial",Legenda!$C$7,0))+IF(G22="otool + Ghidra",Legenda!$C$8,IF(OR(G22="otool",G22="Ghidra",G22="Outro binário"),Legenda!$C$9,0))+MIN(Legenda!$C$11,MAX(0,J22-1)*Legenda!$C$10))),MIN(10,IF(E22="Sim",Legenda!$C$4,IF(E22="Parcial",Legenda!$C$5,0))+IF(F22="Sim",Legenda!$C$6,IF(F22="Parcial",Legenda!$C$7,0))+IF(G22="otool + Ghidra",Legenda!$C$8,IF(OR(G22="otool",G22="Ghidra",G22="Outro binário"),Legenda!$C$9,0))+MIN(Legenda!$C$11,MAX(0,J22-1)*Legenda!$C$10)))),1) | M22: A1-ghidra/Q-AP0-nub-and-rev2.md §2.5 | N22: — | P22: =LEFT(A22,FIND(".",A22&".")-1)
A23: AP-0.4.2 | B23: AP-0.4 | C23: Picos no pacote de status | D23: Quadlets 0–13 = picos (analog in 1–2, S/PDIF in 1–2, analog out 1–4, S/PDIF out 1–2, fones L/R, aux L/R): pico = 16 bits altos do quadlet big-endian → [+0x108][0..13]; slots 14–19 = retornos SW calculados no host ([+0x110]). | E23: Sim | F23: Não | G23: otool + Ghidra | H23: Não | I23: asm 0xba92-0xbb99; Ghidra UpdatePeakMeters @0x12aae; Apple IOFWReadQuadCommand.cpp:67 (sem swap); snd-bebob bebob_maudio.c:651-655; ctl-services normal.rs read_meter | J23: =IF(TRIM(I23)="",0,LEN(I23)-LEN(SUBSTITUTE(I23,";",""))+1) | K23: Consistente | L23: =ROUND(IF(H23="Sim",MIN(Legenda!$C$12,MIN(10,IF(E23="Sim",Legenda!$C$4,IF(E23="Parcial",Legenda!$C$5,0))+IF(F23="Sim",Legenda!$C$6,IF(F23="Parcial",Legenda!$C$7,0))+IF(G23="otool + Ghidra",Legenda!$C$8,IF(OR(G23="otool",G23="Ghidra",G23="Outro binário"),Legenda!$C$9,0))+MIN(Legenda!$C$11,MAX(0,J23-1)*Legenda!$C$10))),IF(H23="Parcial",MIN(Legenda!$C$13,MIN(10,IF(E23="Sim",Legenda!$C$4,IF(E23="Parcial",Legenda!$C$5,0))+IF(F23="Sim",Legenda!$C$6,IF(F23="Parcial",Legenda!$C$7,0))+IF(G23="otool + Ghidra",Legenda!$C$8,IF(OR(G23="otool",G23="Ghidra",G23="Outro binário"),Legenda!$C$9,0))+MIN(Legenda!$C$11,MAX(0,J23-1)*Legenda!$C$10))),MIN(10,IF(E23="Sim",Legenda!$C$4,IF(E23="Parcial",Legenda!$C$5,0))+IF(F23="Sim",Legenda!$C$6,IF(F23="Parcial",Legenda!$C$7,0))+IF(G23="otool + Ghidra",Legenda!$C$8,IF(OR(G23="otool",G23="Ghidra",G23="Outro binário"),Legenda!$C$9,0))+MIN(Legenda!$C$11,MAX(0,J23-1)*Legenda!$C$10)))),1) | M23: A1-ghidra/Q-AP0-status-packet-front-panel.md §2 | N23: — | O23: '16 bits altos do quadlet BE' supõe buffer cru na ordem do fio (UpdatePeakMeters faz o swap); conferir no asm. [2026-10-19] Fechado (R78): buffer em ordem do fio; ordem dos rótulos igual a snd-bebob e ctl-services. | P23: =LEFT(A23,FIND(".",A23&".")-1)
A24: AP-0.4.3 | B24: AP-0.4 | C24: Quadlet de status (offset 0x38) | D24: Palavra de status (bytes do fio w0..w3): w3≠0 = sync externo; w2 = código de taxa; w1 nibble baixo = encoder 1 (Level Controller), nibble alto = encoder 2 (fones), valores 1 = +1 detente, 2 = −1; w0 bits 4–7 ≠ 0 = botão A/B. | E24: Sim | F24: Não | G24: otool + Ghidra | H24: Não | I24: asm 0xba92-0xbb99; TRotaryControl::RotaryValueChanged @0xc2ba; ctor asm 0xbee0/0xbeea (passo 1); ctl-services normal.rs read_meter (rotaries/switch/sync) | J24: =IF(TRIM(I24)="",0,LEN(I24)-LEN(SUBSTITUTE(I24,";",""))+1) | K24: Consistente | L24: =ROUND(IF(H24="Sim",MIN(Legenda!$C$12,MIN(10,IF(E24="Sim",Legenda!$C$4,IF(E24="Parcial",Legenda!$C$5,0))+IF(F24="Sim",Legenda!$C$6,IF(F24="Parcial",Legenda!$C$7,0))+IF(G24="otool + Ghidra",Legenda!$C$8,IF(OR(G24="otool",G24="Ghidra",G24="Outro binário"),Legenda!$C$9,0))+MIN(Legenda!$C$11,MAX(0,J24-1)*Legenda!$C$10))),IF(H24="Parcial",MIN(Legenda!$C$13,MIN(10,IF(E24="Sim",Legenda!$C$4,IF(E24="Parcial",Legenda!$C$5,0))+IF(F24="Sim",Legenda!$C$6,IF(F24="Parcial",Legenda!$C$7,0))+IF(G24="otool + Ghidra",Legenda!$C$8,IF(OR(G24="otool",G24="Ghidra",G24="Outro binário"),Legenda!$C$9,0))+MIN(Legenda!$C$11,MAX(0,J24-1)*Legenda!$C$10))),MIN(10,IF(E24="Sim",Legenda!$C$4,IF(E24="Parcial",Legenda!$C$5,0))+IF(F24="Sim",Legenda!$C$6,IF(F24="Parcial",Legenda!$C$7,0))+IF(G24="otool + Ghidra",Legenda!$C$8,IF(OR(G24="otool",G24="Ghidra",G24="Outro binário"),Legenda!$C$9,0))+MIN(Legenda!$C$11,MAX(0,J24-1)*Legenda!$C$10)))),1) | M24: A1-ghidra/Q-AP0-status-packet-front-panel.md §2 | N24: — | O24: Ordem de bytes e qual encoder é o Level Controller: asm + ctl-services. [2026-10-19] Fechado (R78). Qual knob físico é o encoder 1: só no hardware (AP-7.7). | P24: =LEFT(A24,FIND(".",A24&".")-1)
A25: AP-0.4.4 | B25: AP-0.4 | C25: Comando vendor dos LEDs (A/B) | D25: LED A/B: CONTROL vendor-dependent de 16 bytes 00 FF 00 | 00 0D 6C | 02 00 01 <v> + zeros; v = 0 desligado, 1 = A, 2 = B (3 = outro estado). | E25: Sim | F25: Não | G25: otool + Ghidra | H25: Não | I25: asm 0xb7d0; asm 0x23970-0x23ad6 (AVCVendorCommand a,b,n,data); FWSettingsABSwitch::UpdateLEDs (Ghidra); ctl-services normal.rs AudiophileLedSwitch | J25: =IF(TRIM(I25)="",0,LEN(I25)-LEN(SUBSTITUTE(I25,";",""))+1) | K25: Consistente | L25: =ROUND(IF(H25="Sim",MIN(Legenda!$C$12,MIN(10,IF(E25="Sim",Legenda!$C$4,IF(E25="Parcial",Legenda!$C$5,0))+IF(F25="Sim",Legenda!$C$6,IF(F25="Parcial",Legenda!$C$7,0))+IF(G25="otool + Ghidra",Legenda!$C$8,IF(OR(G25="otool",G25="Ghidra",G25="Outro binário"),Legenda!$C$9,0))+MIN(Legenda!$C$11,MAX(0,J25-1)*Legenda!$C$10))),IF(H25="Parcial",MIN(Legenda!$C$13,MIN(10,IF(E25="Sim",Legenda!$C$4,IF(E25="Parcial",Legenda!$C$5,0))+IF(F25="Sim",Legenda!$C$6,IF(F25="Parcial",Legenda!$C$7,0))+IF(G25="otool + Ghidra",Legenda!$C$8,IF(OR(G25="otool",G25="Ghidra",G25="Outro binário"),Legenda!$C$9,0))+MIN(Legenda!$C$11,MAX(0,J25-1)*Legenda!$C$10))),MIN(10,IF(E25="Sim",Legenda!$C$4,IF(E25="Parcial",Legenda!$C$5,0))+IF(F25="Sim",Legenda!$C$6,IF(F25="Parcial",Legenda!$C$7,0))+IF(G25="otool + Ghidra",Legenda!$C$8,IF(OR(G25="otool",G25="Ghidra",G25="Outro binário"),Legenda!$C$9,0))+MIN(Legenda!$C$11,MAX(0,J25-1)*Legenda!$C$10)))),1) | M25: A1-ghidra/Q-AP0-status-packet-front-panel.md §4 | N25: — | O25: [2026-10-19] Fechado (R78). ctl-services: mesmos bytes significativos, enchimento FF FF (12 B). | P25: =LEFT(A25,FIND(".",A25&".")-1)
A26: AP-0.4.5 | B26: AP-0.4 | C26: Período de leitura do pacote de status | D26: Leitura de size/4 quadlets em 0xFFC7:0x00600000 a cada 50 ms após cada leitura completa; 1000 ms depois de erro; Pause/Resume contados. | E26: Parcial | F26: Não | G26: Ghidra | H26: Não | I26: FWHSCI::Start, HSCITimerFired, HSCIReadComplete, HSCISafelyComplete, Pause, Resume (Ghidra 2026-10-19) | J26: =IF(TRIM(I26)="",0,LEN(I26)-LEN(SUBSTITUTE(I26,";",""))+1) | K26: Consistente | L26: =ROUND(IF(H26="Sim",MIN(Legenda!$C$12,MIN(10,IF(E26="Sim",Legenda!$C$4,IF(E26="Parcial",Legenda!$C$5,0))+IF(F26="Sim",Legenda!$C$6,IF(F26="Parcial",Legenda!$C$7,0))+IF(G26="otool + Ghidra",Legenda!$C$8,IF(OR(G26="otool",G26="Ghidra",G26="Outro binário"),Legenda!$C$9,0))+MIN(Legenda!$C$11,MAX(0,J26-1)*Legenda!$C$10))),IF(H26="Parcial",MIN(Legenda!$C$13,MIN(10,IF(E26="Sim",Legenda!$C$4,IF(E26="Parcial",Legenda!$C$5,0))+IF(F26="Sim",Legenda!$C$6,IF(F26="Parcial",Legenda!$C$7,0))+IF(G26="otool + Ghidra",Legenda!$C$8,IF(OR(G26="otool",G26="Ghidra",G26="Outro binário"),Legenda!$C$9,0))+MIN(Legenda!$C$11,MAX(0,J26-1)*Legenda!$C$10))),MIN(10,IF(E26="Sim",Legenda!$C$4,IF(E26="Parcial",Legenda!$C$5,0))+IF(F26="Sim",Legenda!$C$6,IF(F26="Parcial",Legenda!$C$7,0))+IF(G26="otool + Ghidra",Legenda!$C$8,IF(OR(G26="otool",G26="Ghidra",G26="Outro binário"),Legenda!$C$9,0))+MIN(Legenda!$C$11,MAX(0,J26-1)*Legenda!$C$10)))),1) | M26: A1-ghidra/Q-AP0-status-packet-front-panel.md §1 | N26: — | O26: Ler FWHSCI::Start/timer com o tamanho 0x3C. [2026-10-19] Fechado (R78): mesma regra de 50 ms do 1814. | P26: =LEFT(A26,FIND(".",A26&".")-1)
A27: AP-0.5.1 | B27: AP-0.5 | C27: Layout do objeto FWAudiophileDevice | D27: Tamanho 0x17E0. 0x000–0x2cf base (0xe8 trava, 0xf8 dict, 0x108 página de picos, 0x110 picos do host, 0x118 MAClockSource, 0x268 unidade AV/C, 0x2c8 HSCI); 0x2d0 ABSwitch; 0x468 RotaryControl; 0x530 AuxSend; 0x808 Levels; 0x1268/0x126c passos; 0x1270 grupos (saídas 6, entradas 4, SW 6, fones 2, envios aux 10, aux out 2). | E27: Sim | F27: Não | G27: otool + Ghidra | H27: Não | I27: asm 0xb6c9 (alloc 0x17e0); ctor @0xc140; $_667 ctor; InitializeUserSettableProperties @0xb7e6; vtable 0x35680 slots 0xbc8/0xb48/0xb40/0xac8; FW32BitNumberProp::CallSetter | J27: =IF(TRIM(I27)="",0,LEN(I27)-LEN(SUBSTITUTE(I27,";",""))+1) | K27: Consistente | L27: =ROUND(IF(H27="Sim",MIN(Legenda!$C$12,MIN(10,IF(E27="Sim",Legenda!$C$4,IF(E27="Parcial",Legenda!$C$5,0))+IF(F27="Sim",Legenda!$C$6,IF(F27="Parcial",Legenda!$C$7,0))+IF(G27="otool + Ghidra",Legenda!$C$8,IF(OR(G27="otool",G27="Ghidra",G27="Outro binário"),Legenda!$C$9,0))+MIN(Legenda!$C$11,MAX(0,J27-1)*Legenda!$C$10))),IF(H27="Parcial",MIN(Legenda!$C$13,MIN(10,IF(E27="Sim",Legenda!$C$4,IF(E27="Parcial",Legenda!$C$5,0))+IF(F27="Sim",Legenda!$C$6,IF(F27="Parcial",Legenda!$C$7,0))+IF(G27="otool + Ghidra",Legenda!$C$8,IF(OR(G27="otool",G27="Ghidra",G27="Outro binário"),Legenda!$C$9,0))+MIN(Legenda!$C$11,MAX(0,J27-1)*Legenda!$C$10))),MIN(10,IF(E27="Sim",Legenda!$C$4,IF(E27="Parcial",Legenda!$C$5,0))+IF(F27="Sim",Legenda!$C$6,IF(F27="Parcial",Legenda!$C$7,0))+IF(G27="otool + Ghidra",Legenda!$C$8,IF(OR(G27="otool",G27="Ghidra",G27="Outro binário"),Legenda!$C$9,0))+MIN(Legenda!$C$11,MAX(0,J27-1)*Legenda!$C$10)))),1) | M27: A1-ghidra/Q-AP0-nub-and-rev2.md §4 | N27: — | O27: [2026-10-19] Fechado (R81); fecha o item 10 do §8 do reference. [2026-10-19] Correção R85: +0xe8 é o engine principal (pause/resumeAudioEngine), não uma trava. | P27: =LEFT(A27,FIND(".",A27&".")-1)
A28: AP-0.6.1 | B28: AP-0.6 | C28: Chaves MA* escritas pelo painel v1.9 | D28: 14 chaves em 266 escritas: MAInputRoutingV2, MAInputPan2, MAAuxSendLevels, MASWReturnLevels, MAHeadphoneSourceV2, MAMomentarySwitchRoutings, MAMomentarySwitchSource, MASWReturnMute, MASWReturnSolo, MASWReturnRoutingV2, MAMonitorAuxOnOutput, MAClockSource, MAGlobalMute, MAGlobalDim. | E28: Sim | F28: Sim | G28: Nenhum | H28: Não | I28: captura 90 (setProperties cru, SL v1.9, decodificada 2026-10-19); grep no kext do clone (MASWReturnMute/Solo sem tratador) | J28: =IF(TRIM(I28)="",0,LEN(I28)-LEN(SUBSTITUTE(I28,";",""))+1) | K28: Consistente | L28: =ROUND(IF(H28="Sim",MIN(Legenda!$C$12,MIN(10,IF(E28="Sim",Legenda!$C$4,IF(E28="Parcial",Legenda!$C$5,0))+IF(F28="Sim",Legenda!$C$6,IF(F28="Parcial",Legenda!$C$7,0))+IF(G28="otool + Ghidra",Legenda!$C$8,IF(OR(G28="otool",G28="Ghidra",G28="Outro binário"),Legenda!$C$9,0))+MIN(Legenda!$C$11,MAX(0,J28-1)*Legenda!$C$10))),IF(H28="Parcial",MIN(Legenda!$C$13,MIN(10,IF(E28="Sim",Legenda!$C$4,IF(E28="Parcial",Legenda!$C$5,0))+IF(F28="Sim",Legenda!$C$6,IF(F28="Parcial",Legenda!$C$7,0))+IF(G28="otool + Ghidra",Legenda!$C$8,IF(OR(G28="otool",G28="Ghidra",G28="Outro binário"),Legenda!$C$9,0))+MIN(Legenda!$C$11,MAX(0,J28-1)*Legenda!$C$10))),MIN(10,IF(E28="Sim",Legenda!$C$4,IF(E28="Parcial",Legenda!$C$5,0))+IF(F28="Sim",Legenda!$C$6,IF(F28="Parcial",Legenda!$C$7,0))+IF(G28="otool + Ghidra",Legenda!$C$8,IF(OR(G28="otool",G28="Ghidra",G28="Outro binário"),Legenda!$C$9,0))+MIN(Legenda!$C$11,MAX(0,J28-1)*Legenda!$C$10)))),1) | M28: captures/90-sl-audiophile-panel-setproperties-raw.txt | N28: AUD-AP-07 | O28: v1.9; cruzar com FWAudiophileDevice::InitializeUserSettableProperties (v1.11.2). [2026-10-19] Todas as 14 chaves aparecem no conjunto de cookies do painel v1.11.2 (R82). | P28: =LEFT(A28,FIND(".",A28&".")-1)
A29: AP-0.6.2 | B29: AP-0.6 | C29: Visão do painel (CXAudiophileDevice) | D29: Tipo do painel = 'FWDJ' (0x4657444A); classes CFWDJ* (settings, mixer, strip, output, fones, hardware, global, medidores) sobre as visões genéricas; 4 abas; contagens 10 saídas / 10 mixer / 4 entradas / 2 fones. | E29: Parcial | F29: Não | G29: Ghidra | H29: Não | I29: Ghidra cfwdj-audiophile-2026-10-19.txt (164 funções); CFWUniDeviceList::CreateNewDevice @0x6a9d6; CX*Device::GetDeviceType | J29: =IF(TRIM(I29)="",0,LEN(I29)-LEN(SUBSTITUTE(I29,";",""))+1) | K29: Consistente | L29: =ROUND(IF(H29="Sim",MIN(Legenda!$C$12,MIN(10,IF(E29="Sim",Legenda!$C$4,IF(E29="Parcial",Legenda!$C$5,0))+IF(F29="Sim",Legenda!$C$6,IF(F29="Parcial",Legenda!$C$7,0))+IF(G29="otool + Ghidra",Legenda!$C$8,IF(OR(G29="otool",G29="Ghidra",G29="Outro binário"),Legenda!$C$9,0))+MIN(Legenda!$C$11,MAX(0,J29-1)*Legenda!$C$10))),IF(H29="Parcial",MIN(Legenda!$C$13,MIN(10,IF(E29="Sim",Legenda!$C$4,IF(E29="Parcial",Legenda!$C$5,0))+IF(F29="Sim",Legenda!$C$6,IF(F29="Parcial",Legenda!$C$7,0))+IF(G29="otool + Ghidra",Legenda!$C$8,IF(OR(G29="otool",G29="Ghidra",G29="Outro binário"),Legenda!$C$9,0))+MIN(Legenda!$C$11,MAX(0,J29-1)*Legenda!$C$10))),MIN(10,IF(E29="Sim",Legenda!$C$4,IF(E29="Parcial",Legenda!$C$5,0))+IF(F29="Sim",Legenda!$C$6,IF(F29="Parcial",Legenda!$C$7,0))+IF(G29="otool + Ghidra",Legenda!$C$8,IF(OR(G29="otool",G29="Ghidra",G29="Outro binário"),Legenda!$C$9,0))+MIN(Legenda!$C$11,MAX(0,J29-1)*Legenda!$C$10)))),1) | M29: A2-panel/PNAP-control-key-map.md §1 | N29: — | O29: Decompilar os getters e quem consome GetDeviceType. [2026-10-19] Fechado (R82). Visual das telas (PPob) não lido: capturas de tela no rig SL (AP-0.9). | P29: =LEFT(A29,FIND(".",A29&".")-1)
A30: AP-0.7.1 | B30: AP-0.7 | C30: SetupAudioEngine do Audiophile | D30: 6 saídas / 4 entradas ([+0x2e0]=6, [+0x2e4]=4, [+0x2ec]=6, [+0x2f0]=4), MIDI 1 entrada/1 saída, [+0x2e8]=1, conversores _ConvertLLRR4SkipMIDI1 (entrada), _RearrangeSampleFrameLLRR6 (saída), _SamplePeaks6. | E30: Parcial | F30: Sim | G30: Ghidra | H30: Não | I30: FWAudiophileDevice::SetupAudioEngine @0xbb9a (Ghidra); captura 89 (6/4 canais, 1 porta MIDI) | J30: =IF(TRIM(I30)="",0,LEN(I30)-LEN(SUBSTITUTE(I30,";",""))+1) | K30: Consistente | L30: =ROUND(IF(H30="Sim",MIN(Legenda!$C$12,MIN(10,IF(E30="Sim",Legenda!$C$4,IF(E30="Parcial",Legenda!$C$5,0))+IF(F30="Sim",Legenda!$C$6,IF(F30="Parcial",Legenda!$C$7,0))+IF(G30="otool + Ghidra",Legenda!$C$8,IF(OR(G30="otool",G30="Ghidra",G30="Outro binário"),Legenda!$C$9,0))+MIN(Legenda!$C$11,MAX(0,J30-1)*Legenda!$C$10))),IF(H30="Parcial",MIN(Legenda!$C$13,MIN(10,IF(E30="Sim",Legenda!$C$4,IF(E30="Parcial",Legenda!$C$5,0))+IF(F30="Sim",Legenda!$C$6,IF(F30="Parcial",Legenda!$C$7,0))+IF(G30="otool + Ghidra",Legenda!$C$8,IF(OR(G30="otool",G30="Ghidra",G30="Outro binário"),Legenda!$C$9,0))+MIN(Legenda!$C$11,MAX(0,J30-1)*Legenda!$C$10))),MIN(10,IF(E30="Sim",Legenda!$C$4,IF(E30="Parcial",Legenda!$C$5,0))+IF(F30="Sim",Legenda!$C$6,IF(F30="Parcial",Legenda!$C$7,0))+IF(G30="otool + Ghidra",Legenda!$C$8,IF(OR(G30="otool",G30="Ghidra",G30="Outro binário"),Legenda!$C$9,0))+MIN(Legenda!$C$11,MAX(0,J30-1)*Legenda!$C$10)))),1) | M30: decomp/FWAudiophileDevice__SetupAudioEngine.c | N30: — | O30: Significado de [+0x2e8]=1: ler no FWBaseEngine. [2026-10-19] [+0x2e8] = m, quadlets MIDI por quadro (= fMidiChannels do clone, R87). | P30: =LEFT(A30,FIND(".",A30&".")-1)
A31: AP-0.7.2 | B31: AP-0.7 | C31: AC-3 | D31: IndexForAC3OutputChannels = (2, 5); o v1.9 anuncia formatos AC-3 (2 ch, 16 bits, 1536 quadros) a 44.1/48/96 kHz. | E31: Parcial | F31: Sim | G31: Ghidra | H31: Não | I31: FWAudiophileDevice::IndexForAC3OutputChannels @0xaa0e (Ghidra); captura 89 (IOAudioStreamAvailableFormats) | J31: =IF(TRIM(I31)="",0,LEN(I31)-LEN(SUBSTITUTE(I31,";",""))+1) | K31: Consistente | L31: =ROUND(IF(H31="Sim",MIN(Legenda!$C$12,MIN(10,IF(E31="Sim",Legenda!$C$4,IF(E31="Parcial",Legenda!$C$5,0))+IF(F31="Sim",Legenda!$C$6,IF(F31="Parcial",Legenda!$C$7,0))+IF(G31="otool + Ghidra",Legenda!$C$8,IF(OR(G31="otool",G31="Ghidra",G31="Outro binário"),Legenda!$C$9,0))+MIN(Legenda!$C$11,MAX(0,J31-1)*Legenda!$C$10))),IF(H31="Parcial",MIN(Legenda!$C$13,MIN(10,IF(E31="Sim",Legenda!$C$4,IF(E31="Parcial",Legenda!$C$5,0))+IF(F31="Sim",Legenda!$C$6,IF(F31="Parcial",Legenda!$C$7,0))+IF(G31="otool + Ghidra",Legenda!$C$8,IF(OR(G31="otool",G31="Ghidra",G31="Outro binário"),Legenda!$C$9,0))+MIN(Legenda!$C$11,MAX(0,J31-1)*Legenda!$C$10))),MIN(10,IF(E31="Sim",Legenda!$C$4,IF(E31="Parcial",Legenda!$C$5,0))+IF(F31="Sim",Legenda!$C$6,IF(F31="Parcial",Legenda!$C$7,0))+IF(G31="otool + Ghidra",Legenda!$C$8,IF(OR(G31="otool",G31="Ghidra",G31="Outro binário"),Legenda!$C$9,0))+MIN(Legenda!$C$11,MAX(0,J31-1)*Legenda!$C$10)))),1) | M31: decomp/FWAudiophileDevice__IndexForAC3OutputChannels.c | N31: — | O31: Decide o AP-3.8 com o v1.11.2. | P31: =LEFT(A31,FIND(".",A31&".")-1)
A32: AP-0.7.3 | B32: AP-0.7 | C32: Ordem de canais no fio (LLRR) | D32: Ordem no fio: saída wire[k] = host[0,2,4,1,3,5] (todas as esquerdas, depois as direitas); entrada host = wire[1,3,0,2] (host 1/2 = par Y, 3/4 = par X). Código confirmado no asm; o mapa porta física ↔ slot conflita com o fwap.xml. | E32: Sim | F32: Não | G32: otool + Ghidra | H32: Parcial | I32: asm 0x28eff-0x28fa6 e 0x2c100-0x2c2af; Q-MD2-sample-path.md; audiophile-manual-reference §3.3; ffado fwap.xml (conflita) | J32: =IF(TRIM(I32)="",0,LEN(I32)-LEN(SUBSTITUTE(I32,";",""))+1) | K32: Aberto / não resolvido | L32: =ROUND(IF(H32="Sim",MIN(Legenda!$C$12,MIN(10,IF(E32="Sim",Legenda!$C$4,IF(E32="Parcial",Legenda!$C$5,0))+IF(F32="Sim",Legenda!$C$6,IF(F32="Parcial",Legenda!$C$7,0))+IF(G32="otool + Ghidra",Legenda!$C$8,IF(OR(G32="otool",G32="Ghidra",G32="Outro binário"),Legenda!$C$9,0))+MIN(Legenda!$C$11,MAX(0,J32-1)*Legenda!$C$10))),IF(H32="Parcial",MIN(Legenda!$C$13,MIN(10,IF(E32="Sim",Legenda!$C$4,IF(E32="Parcial",Legenda!$C$5,0))+IF(F32="Sim",Legenda!$C$6,IF(F32="Parcial",Legenda!$C$7,0))+IF(G32="otool + Ghidra",Legenda!$C$8,IF(OR(G32="otool",G32="Ghidra",G32="Outro binário"),Legenda!$C$9,0))+MIN(Legenda!$C$11,MAX(0,J32-1)*Legenda!$C$10))),MIN(10,IF(E32="Sim",Legenda!$C$4,IF(E32="Parcial",Legenda!$C$5,0))+IF(F32="Sim",Legenda!$C$6,IF(F32="Parcial",Legenda!$C$7,0))+IF(G32="otool + Ghidra",Legenda!$C$8,IF(OR(G32="otool",G32="Ghidra",G32="Outro binário"),Legenda!$C$9,0))+MIN(Legenda!$C$11,MAX(0,J32-1)*Legenda!$C$10)))),1) | M32: A1-ghidra/Q-AP0-converters.md | N32: — | O32: Fecha só no hardware (AP-7.3). [2026-10-19] Código confirmado (R80); falta o mapa físico: AP-7.3 ou EXTENDED PLUG INFO no rig SL (precisa do seu OK). [2026-10-19] EXTENDED PLUG INFO não alcançável no rig com o driver oficial (sem user client AV/C); FWAP.bcd não tem ClusterInfo. Plano: consultar pelo nosso driver no bring-up (AP-7.3) antes de qualquer teste de áudio (R92). | P32: =LEFT(A32,FIND(".",A32&".")-1)
A33: AP-0.9.1 | B33: AP-0.9 | C33: Registro do Audiophile no SL v1.9 | D33: FWEngine2 'FireWire Audiophile Multichannel'; saída 6 ch (Analog 1–4, S/PDIF 1–2), entrada 4 ch (Analog 1–2, S/PDIF 1–2); 24 em 32 bits; 44.1–96 kHz; buffer 8192; MABytesPerCycle 400; 1 porta MIDI de cada lado. | E33: Não | F33: Sim | G33: Nenhum | H33: Não | I33: captura 89; captura 89b | J33: =IF(TRIM(I33)="",0,LEN(I33)-LEN(SUBSTITUTE(I33,";",""))+1) | K33: Consistente | L33: =ROUND(IF(H33="Sim",MIN(Legenda!$C$12,MIN(10,IF(E33="Sim",Legenda!$C$4,IF(E33="Parcial",Legenda!$C$5,0))+IF(F33="Sim",Legenda!$C$6,IF(F33="Parcial",Legenda!$C$7,0))+IF(G33="otool + Ghidra",Legenda!$C$8,IF(OR(G33="otool",G33="Ghidra",G33="Outro binário"),Legenda!$C$9,0))+MIN(Legenda!$C$11,MAX(0,J33-1)*Legenda!$C$10))),IF(H33="Parcial",MIN(Legenda!$C$13,MIN(10,IF(E33="Sim",Legenda!$C$4,IF(E33="Parcial",Legenda!$C$5,0))+IF(F33="Sim",Legenda!$C$6,IF(F33="Parcial",Legenda!$C$7,0))+IF(G33="otool + Ghidra",Legenda!$C$8,IF(OR(G33="otool",G33="Ghidra",G33="Outro binário"),Legenda!$C$9,0))+MIN(Legenda!$C$11,MAX(0,J33-1)*Legenda!$C$10))),MIN(10,IF(E33="Sim",Legenda!$C$4,IF(E33="Parcial",Legenda!$C$5,0))+IF(F33="Sim",Legenda!$C$6,IF(F33="Parcial",Legenda!$C$7,0))+IF(G33="otool + Ghidra",Legenda!$C$8,IF(OR(G33="otool",G33="Ghidra",G33="Outro binário"),Legenda!$C$9,0))+MIN(Legenda!$C$11,MAX(0,J33-1)*Legenda!$C$10)))),1) | M33: captures/89-sl-audiophile-ioreg-device-subtree.txt | N33: — | O33: v1.9 (regra de version-skew). | P33: =LEFT(A33,FIND(".",A33&".")-1)
A34: AP-0.9.2 | B34: AP-0.9 | C34: Latências no v1.9 vs v1.11.2 | D34: v1.9: sem override de round-trip no Audiophile, latências de entrada/saída por duas funções separadas → 210/32/48 a 48 kHz. v1.11.2 (spec): round-trip 196 dividido → saída 98, entrada 98, offset 48. | E34: Sim | F34: Sim | G34: otool | H34: Não | I34: captura 89; v19.x64.asm (sem override de latência no Audiophile; ResetLatency @0x47dc usa vt[0xab8]/vt[0xac0]); v1.11.2 ResetLatency @0x3f7a (Q-MD §7); FWAudiophileDevice::GetRoundTripLatencyForFDF asm 0xafde | J34: =IF(TRIM(I34)="",0,LEN(I34)-LEN(SUBSTITUTE(I34,";",""))+1) | K34: Consistente | L34: =ROUND(IF(H34="Sim",MIN(Legenda!$C$12,MIN(10,IF(E34="Sim",Legenda!$C$4,IF(E34="Parcial",Legenda!$C$5,0))+IF(F34="Sim",Legenda!$C$6,IF(F34="Parcial",Legenda!$C$7,0))+IF(G34="otool + Ghidra",Legenda!$C$8,IF(OR(G34="otool",G34="Ghidra",G34="Outro binário"),Legenda!$C$9,0))+MIN(Legenda!$C$11,MAX(0,J34-1)*Legenda!$C$10))),IF(H34="Parcial",MIN(Legenda!$C$13,MIN(10,IF(E34="Sim",Legenda!$C$4,IF(E34="Parcial",Legenda!$C$5,0))+IF(F34="Sim",Legenda!$C$6,IF(F34="Parcial",Legenda!$C$7,0))+IF(G34="otool + Ghidra",Legenda!$C$8,IF(OR(G34="otool",G34="Ghidra",G34="Outro binário"),Legenda!$C$9,0))+MIN(Legenda!$C$11,MAX(0,J34-1)*Legenda!$C$10))),MIN(10,IF(E34="Sim",Legenda!$C$4,IF(E34="Parcial",Legenda!$C$5,0))+IF(F34="Sim",Legenda!$C$6,IF(F34="Parcial",Legenda!$C$7,0))+IF(G34="otool + Ghidra",Legenda!$C$8,IF(OR(G34="otool",G34="Ghidra",G34="Outro binário"),Legenda!$C$9,0))+MIN(Legenda!$C$11,MAX(0,J34-1)*Legenda!$C$10)))),1) | M34: captures/89…; Q10 | N34: — | O34: Hipótese. Verificar: caminho ResetLatency no v1.11.2 + ioreg nas 4 taxas (AP-0.9 b). [2026-10-19] Fechado (R86): version skew; seguir o v1.11.2. | P34: =LEFT(A34,FIND(".",A34&".")-1)
... A60: AP-0.9.7 | B60: AP-0.9 | C60: Dois aparelhos no mesmo barramento (driver e painel oficiais) | D60: Um nub, um device e um FWEngine2 por GUID; dois dispositivos no CoreAudio (4/6 e 16/12); banda 400 + 976 B/ciclo a 48 kHz; painel com uma janela, menu Device "unit n – nome" ⌘n e imagens por unidade; trocar de unidade não escreve nada no driver; helper guarda configurações por GUID (nunca apaga). | E60: Não | F60: Sim | G60: Nenhum | H60: Parcial | I60: captura 94 (ioreg, slhal.py, telas, DTrace, plists) | J60: =IF(TRIM(I60)="",0,LEN(I60)-LEN(SUBSTITUTE(I60,";",""))+1) | K60: Consistente | L60: =ROUND(IF(H60="Sim",MIN(Legenda!$C$12,MIN(10,IF(E60="Sim",Legenda!$C$4,IF(E60="Parcial",Legenda!$C$5,0))+IF(F60="Sim",Legenda!$C$6,IF(F60="Parcial",Legenda!$C$7,0))+IF(G60="otool + Ghidra",Legenda!$C$8,IF(OR(G60="otool",G60="Ghidra",G60="Outro binário"),Legenda!$C$9,0))+MIN(Legenda!$C$11,MAX(0,J60-1)*Legenda!$C$10))),IF(H60="Parcial",MIN(Legenda!$C$13,MIN(10,IF(E60="Sim",Legenda!$C$4,IF(E60="Parcial",Legenda!$C$5,0))+IF(F60="Sim",Legenda!$C$6,IF(F60="Parcial",Legenda!$C$7,0))+IF(G60="otool + Ghidra",Legenda!$C$8,IF(OR(G60="otool",G60="Ghidra",G60="Outro binário"),Legenda!$C$9,0))+MIN(Legenda!$C$11,MAX(0,J60-1)*Legenda!$C$10))),MIN(10,IF(E60="Sim",Legenda!$C$4,IF(E60="Parcial",Legenda!$C$5,0))+IF(F60="Sim",Legenda!$C$6,IF(F60="Parcial",Legenda!$C$7,0))+IF(G60="otool + Ghidra",Legenda!$C$8,IF(OR(G60="otool",G60="Ghidra",G60="Outro binário"),Legenda!$C$9,0))+MIN(Legenda!$C$11,MAX(0,J60-1)*Legenda!$C$10)))),1) | M60: B5-sl-dtrace-truth/captures/94-sl-two-units-audiophile-1814/README.md | N60: — | O60: [2026-10-19] R93. Hipótese: numeração das unidades pela ordem de descoberta. | P60: =LEFT(A60,FIND(".",A60&".")-1)

Sheet Build
A1: ID | B1: Pacote | C1: Tarefa | D1: Critério de aceite (teste) | E1: Depende de | F1: Status | G1: Quem | H1: Fonte no plano | I1: Notas
A2: DEC-Q1 | B2: Decisão | C2: Q1: confirmar uma árvore nova openaudio-mafw-bebob/ com 1814 + Audiophile | D2: Resposta registrada no plano §9 | E2: — | F2: Concluído | G2: Você | H2: BUILD_AUDIOPHILE_PLAN_v2 §9 Q1 | I2: [2026-10-19] Um driver para os dois modelos (árvore openaudio-mafw-bebob/).
A3: DEC-Q2 | B3: Decisão | C3: Q2: nome do produto, bundle ids, prefixo de classe | D3: Resposta registrada no plano §9 | E3: — | F3: Concluído | G3: Você | H3: BUILD_AUDIOPHILE_PLAN_v2 §9 Q2 | I3: [2026-10-19] Nome "OpenAudio BeBoB MAFW" (sem marca no nome); bundle id com.openaudio.OpenAudioBeBoBMAFW; prefixo de classe com_openaudio_.
A4: DEC-Q3 | B4: Decisão | C4: Q3: versão do novo produto; 0.1.0 continua o padrão público até o AP-8.1? | D4: Resposta registrada | E4: — | F4: Concluído | G4: Você | H4: BUILD_AUDIOPHILE_PLAN_v2 §9 Q3 | I4: [2026-10-19] Versão 0.2.0; 0.1.0 continua o download público até passar as escadas do 1814 e do Audiophile.
A5: DEC-Q4 | B5: Decisão | C5: Q4: sessão no rig SL para o AP-0.9; máquina do primeiro load; 1814 desligado na fase 7? | D5: Resposta registrada | E5: — | F5: Concluído | G5: Você | H5: BUILD_AUDIOPHILE_PLAN_v2 §9 Q4 | I5: [2026-10-19] Audiophile já está no rig SL (ioreg via SSH). [2026-10-19] Rig SL usado nesta sessão (captures 91–93); máquina do primeiro load ainda a decidir no plano v3. [2026-10-19] Primeiro load com o Audiophile: iMac (build PC = máquina de laboratório/teste).
A6: DEC-Q5 | B6: Decisão | C6: Q5: idioma das telas do painel (inglês como hoje?) | D6: Resposta registrada | E6: — | F6: Concluído | G6: Você | H6: BUILD_AUDIOPHILE_PLAN_v2 §9 Q5 | I6: [2026-10-19] Resposta: inglês.
A7: AP-0.1 | B7: 0 | C7: FWMetaNub::probe + GetActualProductName + kDeviceSpecs; transições bootloader/runtime | D7: Nota no system-map; desenho do nub do clone confere | E7: — | F7: Concluído | G7: Claude | H7: BUILD_AUDIOPHILE_PLAN_v2 AP-0.1 | I7: [2026-10-19] Tabela de 8 entradas lida nos bytes; probe/start/probe do device decompilados; clone já espelha as regras. Falta escrever a nota. [2026-10-19] Nota Q-AP0 §1 escrita; R77; Corrections no reference. Único aberto: Model_ID do bootloader (vai para AP-7.1).
A8: AP-0.2 | B8: 0 | C8: FWRev2AudioDevice (34 métodos) vs Rev1: 0x2F, AVCSetupSyncStream, GetAddressAndPlugForSyncType, initHardware, AllocateAudioEngine, pacotes de controle | D8: Q-doc com layouts de bytes; tabela Rev1 vs Rev2 | E8: — | F8: Concluído | G8: Claude | H8: BUILD_AUDIOPHILE_PLAN_v2 AP-0.2 | I8: [2026-10-19] Todos os métodos decompilados; 4 erros no Q16 (flags AUD-AP-01..04). Falta: asm de 0x12e7e e 0xb9d4. [2026-10-19] Q-AP0 §2 (asm de 0x2F, 0x1A, clock, latências; vtable lida; FFADO conferido); R77; 4 Corrections no Q16, 1 no Q10. Aberto à parte: latência v1.9 (AP-0.9.2).
A9: AP-0.3 | B9: 0 | C9: Classes de settings (ABSwitch, RotaryControl, AuxSend, Levels, TRotaryControl) e chamadores de AVCControlFunctionBlock: bytes AV/C exatos, estado inicial, ordem | D9: Q-FWAP-avc-mixer.md; cruzado com ctl-services normal.rs e FFADO | E9: AP-0.2 | F9: Concluído | G9: Claude | H9: BUILD_AUDIOPHILE_PLAN_v2 AP-0.3 | I9: [2026-10-19] Q-AP0c escrito (R79): 4 quadros AV/C, mapa de function blocks, tabela de rotas, chaves e grupos, estado de fábrica, mapa de reuso. Abertos rotulados: 0.3.5–0.3.8.
A10: AP-0.4 | B10: 0 | C10: Comando vendor do LED e argumento de AVCSetupSyncStream | D10: Nota | E10: AP-0.2 | F10: Concluído | G10: Claude | H10: BUILD_AUDIOPHILE_PLAN_v2 AP-0.4 | I10: [2026-10-19] Argumento resolvido: tipo 0 (interno) ou 4 (S/PDIF), plug 1. LED ainda aberto. [2026-10-19] Q-AP0b escrito (R78): polling 50 ms, pacote de 60 B no asm, encoders, A/B, LED (16 B vendor), tudo igual ao ctl-services/snd-bebob. Itens novos 0.4.6–0.4.8.
A11: AP-0.5 | B11: 0 | C11: Layout completo do FWAudiophileDevice e grupos $_667 | D11: Tabela de layout | E11: — | F11: Concluído | G11: Claude | H11: BUILD_AUDIOPHILE_PLAN_v2 AP-0.5 | I11: [2026-10-19] Seis offsets confirmados por ReadHSCIData. [2026-10-19] Layout completo (R81) em Q-AP0 §4; slots de vtable lidos; reenvio do clock identificado.
A12: AP-0.6 | B12: 0 | C12: Subconjunto de chaves MA* do Audiophile e a visão CXAudiophileDevice do painel | D12: PNAP-control-key-map.md | E12: AP-0.9 | F12: Concluído | G12: Claude | H12: BUILD_AUDIOPHILE_PLAN_v2 AP-0.6 | I12: [2026-10-19] 14 chaves da captura 90 decodificadas. [2026-10-19] PNAP-control-key-map.md (R82): FWDJ = Audiophile, tradutor, cookies, defaults do painel; visual das telas fica para o AP-0.9.
... A41: AP-6.1 | B41: 6 | C41: Plug-in CoreMIDI original com a porta única do Audiophile | D41: midiprobe lista a porta | E41: AP-3.1 | F41: Concluído | G41: Claude | H41: BUILD_AUDIOPHILE_PLAN_v2 AP-6.1 | I41: [2026-10-19] Mapeado (R83): classe alias + MAMIDI*Ports + nome; teste fica para a fase 7. [2026-10-20] [2026-10-20] fase 7, Audiophile sozinho no iMac, captura 96, R115: plug-in original lista FireWire Audiophile 1/1 (loop DIN depois).
A42: AP-6.2 | B42: 6 | C42: Loopback DIN + SysEx | D42: Captura | E42: AP-6.1 | F42: Não iniciado | G42: Claude + Você (cabo) | H42: BUILD_AUDIOPHILE_PLAN_v2 AP-6.2
A43: AP-7.1 | B43: 7 | C43: Audiophile para o iMac (desligar → cabo → ligar); load (kext de teste em /tmp): bootloader → runtime | D43: Nó "FireWire Audiophile"; Model_ID do bootloader anotado | E43: AP-3.*, AP-4.*, AP-5.*, AP-6.1 | F43: Concluído | G43: Claude + Você | H43: BUILD_AUDIOPHILE_PLAN_v3 AP-7.1 | I43: Regra do avião: só com a pilha completa. [2026-10-20] Roteiro da sessão pronto: tests/hw-smoke/phase7.sh + p7util.py (passos só-leitura testados no iMac; os que mudam estado ficam para a sessão). R114. [2026-10-20] [2026-10-20] fase 7, Audiophile sozinho no iMac, captura 96, R115: bootloader 0x10060 -> runtime via MAFirmwareStart; AppleFWAudio não anexou.
A44: AP-7.2 | B44: 7 | C44: CoreAudio lista 4 in / 6 out a 44.1/48/88.2/96 | D44: halinfo, AMS | E44: AP-7.1 | F44: Concluído | G44: Claude + Você | H44: BUILD_AUDIOPHILE_PLAN_v2 AP-7.2 | I44: [2026-10-20] [2026-10-20] fase 7, Audiophile sozinho no iMac, captura 96, R115: 4/6 em 44.1/48/88.2/96.
A45: AP-7.3 | B45: 7 | C45: Teste de ordem de canais (tom em cada saída/entrada) | D45: Tabela confere com LLRR ou é corrigida | E45: AP-7.2 | F45: Concluído | G45: Claude + Você | H45: BUILD_AUDIOPHILE_PLAN_v2 AP-7.3 | I45: [2026-10-20] [2026-10-20] fase 7, Audiophile sozinho no iMac, captura 96, R115: CA 1/2 out 1/2, 3/4 out 3/4, 5/6 S/PDIF (medidores do aparelho + receiver).
A46: AP-7.4 | B46: 7 | C46: Playback, gravação, loopback full-duplex, looplat | D46: Sem quebras; latência anotada | E46: AP-7.3 | F46: Concluído | G46: Claude + Você | H46: BUILD_AUDIOPHILE_PLAN_v2 AP-7.4 | I46: [2026-10-20] [2026-10-20] fase 7, Audiophile sozinho no iMac, captura 96, R115: loopcheck 0 eventos; 9.1 ms @48k/64.
A47: AP-7.5 | B47: 7 | C47: Varredura de taxa, sync S/PDIF externo, troca de taxa bloqueada com cliente | D47: Status 0; sem pânico | E47: AP-7.4 | F47: Em andamento | G47: Claude + Você | H47: BUILD_AUDIOPHILE_PLAN_v2 AP-7.5 | I47: [2026-10-20] [2026-10-20] fase 7, Audiophile sozinho no iMac, captura 96, R115: taxas ok; sync S/PDIF lock/unlock não testado.
A48: AP-7.6 | B48: 7 | C48: Mixer/roteador pelo painel | D48: Checklist assinado | E48: AP-7.4 | F48: Concluído | G48: Claude + Você | H48: BUILD_AUDIOPHILE_PLAN_v2 AP-7.6 | I48: [2026-10-20] [2026-10-20] fase 7, Audiophile sozinho no iMac, captura 96, R115: painel verificado pelo usuário.
A49: AP-7.7 | B49: 7 | C49: Painel frontal: Level Controller, encoder de fones, A/B + LEDs, Direct Monitoring | D49: Checklist | E49: AP-7.6 | F49: Concluído | G49: Claude + Você | H49: BUILD_AUDIOPHILE_PLAN_v2 AP-7.7 | I49: [2026-10-20] [2026-10-20] fase 7, Audiophile sozinho no iMac, captura 96, R115: Level Controller, fone, A/B e LEDs.
A50: AP-7.8 | B50: 7 | C50: MIDI, sleep/wake, bus reset por power-cycle, soak de 5 min e 1 h | D50: Notas; falhas viram itens | E50: AP-7.7 | F50: Em andamento | G50: Claude + Você | H50: BUILD_AUDIOPHILE_PLAN_v2 AP-7.8 | I50: [2026-10-20] [2026-10-20] captura 97, R117: power-cycle das duas unidades com o driver carregado ok; soak 30 s das duas juntas ok; sleep/wake, MIDI, soak 1 h pendentes.
A51: AP-7.9 | B51: 7 | C51: Captura do driver oficial no rig SL | D51: — | E51: — | F51: Cancelado (corte de escopo) | G51: — | H51: BUILD_AUDIOPHILE_PLAN_v2 AP-7.9 | I51: [2026-10-19] Substituído pelo AP-0.9 (unidade já no rig).
A52: AP-8.1 | B52: 8 | C52: Escada completa do 1814 na árvore nova | D52: Tudo que passou no 0.1.0 passa; ratecycle = capturas 85/86 | E52: AP-7.* | F52: Em andamento | G52: Claude + Você | H52: BUILD_AUDIOPHILE_PLAN_v2 AP-8.1 | I52: [2026-10-20] [2026-10-20] captura 97, R117: 1814 no driver novo: seis taxas ok; loop/latência do 1814 ainda não.
A53: AP-8.2 | B53: 8 | C53: Instalador novo (.pkg, remove o kext 1814-only, desinstalador, dmg) | D53: Instalação limpa no Air | E53: AP-8.1 | F53: Em andamento | G53: Claude + Você | H53: BUILD_AUDIOPHILE_PLAN_v2 AP-8.2 | I53: [2026-10-20] v6: inclui a Firmware Tool (só verificação, sem imagens). [2026-10-21] Pacote e dmg 0.2.0 construídos (e9341bb): payload kext/helper/painel/Firmware Tool/plug-in MIDI/ícones/uninstall.sh; preinstall remove os arquivos do 0.1.0 e não descarrega nada (R117); postinstall roda kextutil -t -n e remove o kext se falhar; pede restart. check-self-contained passou no payload e no app de desinstalação (2026-10-21). R118. Falta: instalação limpa no Air (usuário, sudo com senha).
A54: AP-8.3 | B54: 8 | C54: README/NOTICE/known issues para dois modelos; sync público só com seu OK | D54: Documentação honesta; comandos de push para você | E54: AP-8.2 | F54: Em andamento | G54: Claude | H54: BUILD_AUDIOPHILE_PLAN_v2 AP-8.3 | I54: [2026-10-20] v6: dizer que a Firmware Tool só verifica e nada grava flash. [2026-10-21] Rascunhos docs/README_0.2.0_v1.md e docs/NOTICE_0.2.0_v1.md (só fatos de R115-R118; itens [pending] a fechar após AP-8.2/AP-8.1/AP-5.5-5.6; faltam capturas de tela do Audiophile, menu de status e medidor grande). Público intocado.
A55: AP-8.4 | B55: 8 | C55: Versão e asset de release (Q3) | D55: — | E55: DEC-Q3 | F55: Não iniciado | G55: Você | H55: BUILD_AUDIOPHILE_PLAN_v2 AP-8.4
A56: AP-3.10 | B56: 3 | C56: Consulta EXTENDED PLUG INFO (STATUS, só leitura) no bring-up, registrada no anel de diagnóstico — ordem física dos canais antes de qualquer áudio | D56: Log mostra a ordem dos clusters/canais | E56: AP-2.3 | F56: Concluído | G56: Claude | H56: BUILD_AUDIOPHILE_PLAN_v3 AP-3.10 | I56: [2026-10-19] Criada no plano v3 (R92: não alcançável no rig com o driver oficial). [2026-10-20] Código pronto: EXTENDED PLUG INFO (posição de canais + clusters) no bring-up só em Rev2, registrado no MADebugTrace; quadros testados no host. Critério (log com a ordem) na fase 7. R108. [2026-10-20] [2026-10-20] fase 7, Audiophile sozinho no iMac, captura 96, R115: EXTENDED PLUG INFO lido antes de áudio; ordem confirmada por tons + medidores.
A57: AP-2.5 | B57: 2 | C57: Passe de genericidade + árvore modular (regras do usuário 2026-10-20: o que pode ser genérico deve ser genérico; base comum + módulos por modelo; documentar a lógica do driver oficial) | D57: Build limpo + kextutil -t -n + conformidade (base sem modelo, classe genérica no painel/helper) + teste host; corpos 1814 inalterados | E57: AP-2.4 | F57: Concluído | G57: Claude | H57: BUILD_AUDIOPHILE_PLAN_v4 AP-2.5 | I57: [2026-10-20] kext/src/base + kext/src/models/FW1814; FWUserClient genérico; tabelas 1814 no módulo; latência Rev1 @0x136da; poll de pacotes único; painel/helper/tools casam com com_openaudio_FWAVCAudioDevice; docs/ARCHITECTURE_MAFW_v1.md. R98.
A58: AP-9.1 | B58: 9 | C58: Verificação de firmware (somente leitura): app lista cada unidade, estado runtime/bootloader, datas, compara com o build oficial 1.11.2 | D58: Roda com as duas unidades; ambas "current"; nenhuma escrita | E58: AP-5.2 | F58: Concluído | G58: Claude | H58: BUILD_AUDIOPHILE_PLAN_v6 AP-9.1 | I58: [2026-10-20] aprovado pelo usuário [2026-10-20] App de verificação (somente leitura) pronto; teste host OK; ao vivo no iMac: FW1814 0xD6C040012337F = build oficial (Current). Falta a leitura ao vivo do Audiophile (fase 7). R112. [2026-10-20] Plano v6: fase 9 termina aqui. Regra oficial: o helper 1.11.2 regrava automaticamente se a data difere (isEqual:), sem mínimo; texto "Older"/"Newer" e tooltip do painel ajustados; snapshot demo ok. Leitura do Audiophile = AP-7.9. R113. [2026-10-20] [2026-10-20] fase 7, Audiophile sozinho no iMac, captura 96, R115: as duas unidades Current (uma de cada vez).
A59: AP-9.2 | B59: 9 | C59: Caminho de atualização no kext (FWMetaNub, Q-P3 §4-§5 byte a byte) | D59: Testes host de bytes dos comandos; build + kextutil | E59: AP-9.1 | F59: Cancelado (corte de escopo) | G59: Claude | H59: BUILD_AUDIOPHILE_PLAN_v6 AP-9.2 | I59: [2026-10-20] aprovado pelo usuário [2026-10-20] Arquivado (plano v6, decisão do usuário): a ferramenta fica só de verificação; nada grava flash. Decodificação Q-P3 mantida. R113.
A60: AP-9.3 | B60: 9 | C60: Fluxo de atualização no app (Halt, imagem, Start, verificação), recusas de segurança | D60: Dry run com backend falso; testes host das verificações de imagem | E60: AP-9.2 | F60: Cancelado (corte de escopo) | G60: Claude | H60: BUILD_AUDIOPHILE_PLAN_v6 AP-9.3 | I60: [2026-10-20] aprovado pelo usuário [2026-10-20] Arquivado (plano v6, decisão do usuário): a ferramenta fica só de verificação; nada grava flash. Decodificação Q-P3 mantida. R113.
A61: AP-9.4 | B61: 9 | C61: Teste no hardware com o usuário: regravar o mesmo build em uma unidade | D61: Sucesso, unidade roda, data igual, loopcheck OK | E61: AP-9.3 | F61: Cancelado (corte de escopo) | G61: Claude | H61: BUILD_AUDIOPHILE_PLAN_v6 AP-9.4 | I61: [2026-10-20] aprovado pelo usuário [2026-10-20] Arquivado (plano v6, decisão do usuário): a ferramenta fica só de verificação; nada grava flash. Decodificação Q-P3 mantida. R113.
A62: AP-9.5 | B62: 9 | C62: Builds públicos sem imagens da M-Audio: extrair do .dmg oficial do usuário | D62: Extração reproduz os 8 SHA-256 | E62: AP-9.3 | F62: Cancelado (corte de escopo) | G62: Claude | H62: BUILD_AUDIOPHILE_PLAN_v6 AP-9.5 | I62: [2026-10-20] aprovado pelo usuário [2026-10-20] Arquivado (plano v6, decisão do usuário): a ferramenta fica só de verificação; nada grava flash. Decodificação Q-P3 mantida. R113.
A63: AP-7.9 | B63: 7 | C63: Firmware Tool com as duas unidades conectadas (fecha AP-9.1) | D63: Ambas "Current"; nenhuma escrita no registro | E63: AP-7.1 | F63: Concluído | G63: Claude + Você | H63: BUILD_AUDIOPHILE_PLAN_v6 AP-7.9 | I63: [2026-10-20] Nova linha no plano v6. R113. [2026-10-20] [2026-10-20] fase 7, Audiophile sozinho no iMac, captura 96, R115: Audiophile Current (1814 Current antes).
A64: AP-5.4 | B64: 5 | C64: Lei de monitoração (dB-linear 72 dB, centro -36; knob 1.5 dB por clique padrão, 3 dB ou oficial; fundo = off) + segurança do fone (helper e reset) | D64: Testes host/painel; no hardware: cliques, off no fundo, persistência | E64: AP-5.2 | F64: Concluído | G64: Claude + Você | H64: BUILD_AUDIOPHILE_PLAN_v7 AP-5.4 | I64: [2026-10-20] Pedido do usuário na sessão; verificado no Audiophile (captura 96). R116. Falta conferir no 1814.
A65: AP-5.5 | B65: 5 | C65: Modo barra de menus (Dock / barra / ambos, abrir no login) com menu de status: ícone online / mudo / sem sync, volumes, mute, dim, A/B, taxa, sync, presets, passo do knob, medidor grande | D65: Testes do painel; no hardware: cada item age na unidade marcada; ícone segue mute e lock | E65: AP-5.4 | F65: Em andamento | G65: Claude + Você | H65: BUILD_AUDIOPHILE_PLAN_v8 AP-5.5 | I65: [2026-10-21] Código no commit e9341bb; make test do painel ALL PASS no iMac (2026-10-21). R118. Falta o teste no hardware com o usuário. [2026-10-21] R118 registrado.
A66: AP-5.6 | B66: 5 | C66: Medidor horizontal grande (~80 % da largura): SW 1/2, Out 1/2, Phones, In 1/2; -60…0 dBFS, hold ~2 s; sempre no topo, fixar, transparência, click-through | D66: Testes do painel da escala; ao vivo com música | E66: AP-5.4 | F66: Em andamento | G66: Claude + Você | H66: BUILD_AUDIOPHILE_PLAN_v8 AP-5.6 | I66: [2026-10-21] Código no commit e9341bb; make test do painel ALL PASS no iMac. R118. Falta ver ao vivo com música. [2026-10-21] R118 registrado.

Sheet Flags_auditoria
A1: ID flag | B1: Arquivo / grupo | C1: Linha(s) | D1: Afirmação citada | E1: Categoria | F1: Severidade | G1: Como verificar / o que o binário diz | H1: Status | I1: Resolução (2026-10-14) | J1: Evidência / próximo passo | K1: Parte
A2: AUD-AP-01 | B2: A1-ghidra/Q16-rev1-rev2-deltas.md | C2: 73-74 | D2: "Phase 1: 01 FF 1A … // CONTROL stream-connect; Phase 2: 00 FF 1A … // GET-STATUS confirm" | E2: 4 | F2: alta | G2: AV/C ctype 0x01 = STATUS, 0x00 = CONTROL: o 1º quadro é a consulta, o 2º é o CONTROL; e os bytes 4/5 do CONTROL vêm de GetAddressAndPlugForSyncType (vt[0xbc0]), não ficam FF FE. | H2: Resolvido | I2: Correction 2026-10-19 no Q16 | J2: PROVENANCE-RESOLUTIONS.md §R77; A1-ghidra/Q-AP0-nub-and-rev2.md | K2: AP-0.2
A3: AUD-AP-02 | B3: A1-ghidra/Q16-rev1-rev2-deltas.md | C3: 44, 82 | D3: "5-way enum: {Internal:plug=0x60, S/PDIF:plug=0x81, ADAT:plug=0, WordClock:plug=0x83, Aux:plug=0x82}" | E3: 1 | F3: média | G3: Os nomes não estão no binário. No Audiophile o S/PDIF é o tipo 4 (FF 82) — SetClockSourceInternal @0xb9d4 e ctl-services normal.rs (Ext 0x02). 0x60 é o endereço (subunidade música), não o plug. | H3: Resolvido | I3: Correction 2026-10-19 no Q16 | J3: PROVENANCE-RESOLUTIONS.md §R77; A1-ghidra/Q-AP0-nub-and-rev2.md | K3: AP-0.2
A4: AUD-AP-03 | B4: A1-ghidra/Q16-rev1-rev2-deltas.md | C4: 39 | D4: "Rev1 3-value: 44.1k/88.2k/96k→0xba(186), 48k→0x106(262), 176.4k/192k→0x124(292)" | E4: 4 | F4: baixa | G4: Decompile @0x136da: FDF1/2 (44.1/48) → 0xba; FDF3 (88.2) → 0x106; FDF4–6 (96/176.4/192) → 0x124; FDF0 → 0. | H4: Resolvido | I4: Correction 2026-10-19 no Q16 (asm 0x136da) | J4: PROVENANCE-RESOLUTIONS.md §R77; A1-ghidra/Q-AP0-nub-and-rev2.md | K4: AP-0.2
A5: AUD-AP-04 | B5: A1-ghidra/Q16-rev1-rev2-deltas.md | C5: 80 | D5: "(Audiophile = Rev2 too, Solo = Rev1)" | E5: 4 | F5: média | G5: Construtores de metaclasse: FWSoloDevice deriva de FWRev2AudioDevice (tabela da própria Correction do Q16). | H5: Resolvido | I5: Correction 2026-10-19 no Q16 | J5: PROVENANCE-RESOLUTIONS.md §R77; A1-ghidra/Q-AP0-nub-and-rev2.md | K5: AP-0.2
A6: AUD-AP-05 | B6: audiophile-manual-reference.md | C6: 31 | D6: "the per-model device classes … match the nub by class alone … Which Model_IDs FWMetaNub::probe maps … was not read" | E6: 4 | F6: média | G6: Info.plist: cada personalidade casa por 'FireWire Product Name' (NRV-10 também Model_ID); probe @0x1ce62 usa nomes da kDeviceSpecs, não Model_ID. | H6: Resolvido | I6: Correction 2026-10-19 no audiophile-manual-reference | J6: PROVENANCE-RESOLUTIONS.md §R77; A1-ghidra/Q-AP0-nub-and-rev2.md | K6: AP-0.1
A7: AUD-AP-06 | B7: audiophile-manual-reference.md | C7: §8 item 2 | D7: "FWMetaNub::probe's model table … unverified" | E7: 1 | F7: baixa | G7: Resolvido pelo decompile de probe/GetActualProductName e pelos bytes da tabela (AP-0.1.1–0.1.4). | H7: Resolvido | I7: §8 item 2 resolvido (Correction 2026-10-19) | J7: PROVENANCE-RESOLUTIONS.md §R77; A1-ghidra/Q-AP0-nub-and-rev2.md | K7: AP-0.1
A8: AUD-AP-07 | B8: BUILD_AUDIOPHILE_PLAN.md | C8: 41 | D8: "13 `MA*` keys only" | E8: 5 | F8: baixa | G8: A captura 90 tem 14 chaves (a própria lista do plano tem 14 nomes). | H8: Resolvido | I8: Corrigido no plano 2026-10-19 | J8: — | K8: AP-0.6
A9: AUD-AP-08 | B9: A1-ghidra/Q10-roundtrip-latency.md | C9: 11 | D9: "a soft indicator that the Audiophile is only truly supported at 48k/88.2k/96k" | E9: 1 | F9: baixa | G9: O default 182 cobre 44.1k (FDF1); o manual e o v1.9 anunciam 44.1–96 kHz (captura 89). Inferência sem base. | H9: Resolvido | I9: Correction 2026-10-19 no Q10 | J9: PROVENANCE-RESOLUTIONS.md §R77; A1-ghidra/Q-AP0-nub-and-rev2.md | K9: AP-0.2
A10: AUD-AP-09 | B10: A1-ghidra/Q-AP0-nub-and-rev2.md | C10: §2.3, §4 | D10: "Under the lock of [+0xe8]" / "+0xe8 lock object" | E10: 1 | F10: baixa | G10: [+0xe8] é o engine principal; vt[0xa50]/[0xa58] = pauseAudioEngine/resumeAudioEngine. | H10: Resolvido | I10: Corrigido 2026-10-19 (R85) no Q-AP0 §2.3/§4 | J10: vtables-engine-device-stream.txt slots 0xa50/0xa58 | K10: AP-0.2

Sheet Legenda
A1: Legenda e método de pontuação
A3: Pesos da nota de confiança (edite os valores azuis; a coluna L da aba Itens recalcula)
A4: Byte-level confirmado = Sim | C4: 3
A5: Byte-level confirmado = Parcial | C5: 1.5
A6: Hardware live = Sim | C6: 3
A7: Hardware live = Parcial | C7: 1.5
A8: Ferramenta = otool + Ghidra | C8: 2
A9: Ferramenta = otool, Ghidra ou Outro binário | C9: 1
A10: Por fonte adicional (a partir da 2ª) | C10: 1
A11: Máximo de pontos por cruzamento | C11: 2
A12: Teto se Especulativo = Sim | C12: 3
A13: Teto se Especulativo = Parcial | C13: 6
A16: Fórmula
A17: Base = byte + live + ferramenta + MIN(máx. cruzamento, (Nº de fontes − 1) × peso por fonte), limitada a 10. Depois aplica o teto do Especulativo. A nota mede o quanto o item está ancorado no binário v1.11.x e no hardware, não o quanto ele importa.
A19: Colunas
A20: ID | B20: Código do item: AP-0.n.k = tarefa AP-0.n do plano, item k. Parte = a tarefa; Sub-ramo = 'AP-0'.
A21: Byte-level confirmado | B21: Sim = lido no nível de instrução ou byte (asm, bytes da fatia, vtable, plist, header do SDK). Parcial = decompile Ghidra ou leitura indireta. Não = sem leitura do binário.
A22: Hardware live | B22: Sim = observado em hardware real (capturas B5 no SL v1.9, logs de pânico do build PC, experimentos registrados). Parcial = observação indireta ou só do clone antigo.
A23: Ferramenta | B23: otool + Ghidra / otool / Ghidra / Outro binário (nm, plist, bytes via python, SDK) / Nenhum.
A24: Especulativo | B24: Sim = hipótese sem prova; Parcial = parte do item é inferência.
A25: Fontes / cruzamentos | B25: Lista separada por ';' de evidências independentes. A coluna 'Nº de fontes' conta automaticamente.
A26: Status documental | B26: Consistente / Corrigido (com bloco Correction) / Correção pendente (audit: algum .md ainda tem a afirmação errada) / Aberto / Não auditado.
A27: Flags do audit | B27: Linhas citadas no PROVENANCE-AUDIT.md; detalhe na aba Flags_auditoria.
A29: Fontes
A30: docs/audiophile-manual-reference.md; docs/BUILD_AUDIOPHILE_PLAN_v3.md; docs/system-map/A1-ghidra/ghidra-exports/decomp/ (tag ap0, 2026-10-19); otool-exports/mafw.asm; B5-sl-dtrace-truth/captures/89, 89b, 90 (SL v1.9 + Audiophile); _extracted/kext Info.plist; _refs/snd-firewire-ctl-services, _refs/linux-snd-bebob, _refs/ffado.
A32: Aba Build | B32: Uma linha por tarefa do docs/BUILD_AUDIOPHILE_PLAN_v3.md (AP-n.m; Pacote = fase 0–8) e uma por decisão pendente (DEC-Qn). Status: Não iniciado / Em andamento / Concluído / Aguarda o usuário / Cancelado (corte de escopo). Notas datadas [AAAA-MM-DD].
